Workbook

Sheet Legend, definitions & instr
B1: Main Objective
B3: Calculate the demand for Service Center and HMH's capacity, ensuring the predictability needed to meet projects and to enable decisions to be made in advance.
B5: Type | C5: Definition
B7: Firm | C7: Projects with PO, or in other words, backlog
B8: Risk Release | C8: Forecasted projects, but evaluated in LOB to be as firm that it is initiated even with a PO
B9: Forecast | C9: Forecasted projects, in budget, however still not certain.
B10: Avg hours per Phase | C10: Average time consumption in hours expected per phase (considering transactional projects)
B11: Avr Lead time per Phase | C11: Average time consumption in mothns expected per phase (considering transactional projects)
B13: Legends | C13: FCTS | D13: Forecast
C14: FIRM | D14: Backlog (with PO)
B16: The Ideal Design
B45: RCCP Service Center - Premises / Rules
B47: Demand Control | C47: In this table, need to fill all projects and your informations.
C48: In this table, have all months of the year, need to be distributed the total hours per total lead time, the formula is: (Avg Hours per Phase (Hours) * Quantity) / Avg Lead time Phase (Months).
C49: We need to pay attention to filling the demand from the "start month".
C50: In the demand table of the tab "RCCP SAM" is automatic, not need to fill.
B51: Capacity Control | C51: Need to calculate the capacity in relation of the workdays.
C52: Overtime only occurs when demand is greater than capacity.
C53: HMH capacity is calculated on one line, contractors on another and we have unavailable, which is a vacation reference value.
B54: RCCP - Graphic | C54: When filling in the data, you need to insert a text box with white letters in the RCCP graphic and enter the product line of the area.
C55: The Graphic is automatized, we need only to fill the demand and capacity.
C56: The Graphic have your values in thousand hours.
B60: Projects Control
B61: The table below it's necessary to fill all projects and your informations.
B80: Distribution of Demand in hours
B81: Calculations sources: | C81: Definitions
B82: Firm, Risk Release or Forecast | C82: The distribution of hours is as below:
C84: (Avg Hours per Phase (Hours) * Quantity) / Avg Lead time Phase (Months)
C86: Ex: H-4 Connector
C87: Avg Hours per Phase (Hours) | D87: 968
C88: Quantity | D88: 2
C89: Avg Lead time Phase (Months) | D89: 4
C90: Start Month | D90: January
C91: 2025
C92: Jan | D92: Fev | E92: March | F92: Apr
C93: =(D87*D88)/D89 -> 484 | D93: =(D87*D88)/D89 -> 484 | E93: =(D87*D88)/D89 -> 484 | F93: =(D87*D88)/D89 -> 484
C94: Note: Important to understand that this result need to be spread according to the lead time
B107: Capacity Calculation in Hours
B108: Calculations resources: | C108: Definitions
B109: HMH employee and contractors | C109: For calculation HMH employees we use the formula below:
C111: Operational Hours = ((Resource quantity)*(total workdays on the quarter) *(85% of total hours per day) - (Unavailable Hours))
C112: For calculation Contractors employees we use the formula below:
C114: Operational Hours = ((Resource quantity)*(total workdays on the quarter) *(85% of total hours per day) + (HMH Capacity))
C115: For calculation Unavailable Hours, we use the formula below:
C117: Total Unavailable Hours = {((Resource quantity)/4 [quantity quarter in one year])*(85% of total hours per day)*(average workdays per quarter in one year) + (offshore recovery Hours)}
B119: Standard List - Project Overview Tab
B120: Type | C120: Product Line | D120: Project Scope | E120: Project Phase | F120: Project Status | G120: Month | H120: Year | I120: Report Location | J120: Equipment
B121: Firm | C121: Pressure Control | D121: FPA | E121: D&I | F121: Waiting PO | G121: January-24 | H121: 2024 | I121: Kintore | J121: H4 Connector
B122: Forecast | C122: Topside | D122: Transactional | E122: Repair | F122: Waiting Parts | G122: February-24 | H122: 2025 | I122: Kristiansand | J122: Bonnet
B123: Risk Release | C123: Riser | D123: Short Cycle | E123: T&A | F123: WIP | G123: March-24 | H123: 2026 | I123: Baku | J123: BOP Annular
B124: N/A | C124: Offshore | D124: Offshore | E124: FPA | F124: Concluded | G124: April-24 | H124: 2027 | I124: Erkelenz | J124: Annular Piston
C125: Others | E125: CSA | F125: N/A | G125: May-24 | H125: 2028 | I125: Lyngdal | J125: Male Stab
E126: TCO | F126: Waiting Requested | G126: June-24 | I126: Houston | J126: Female Stab
E127: Manufacturing | G127: July-24 | I127: Mobile | J127: Test Stump
E128: N/A | G128: August-24 | I128: UAE | J128: Diverter
G129: September-24 | I129: Macae | J129: Ram Block
G130: October-24 | I130: Singapore | J130: Ram BOP
G131: November-24 | I131: Brisbane | J131: Telescopic Joint - QTR-3500
G132: December-24 | J132: Telescopic Joint - MR6H
G133: January-25 | J133: Riser Joint - QTR-3500
G134: February-25 | J134: Riser Joint - LK - 3.5
G135: March-25 | J135: Riser Joint - FT - H
G136: April-25 | J136: DDM
G137: May-25 | J137: Dolly
G138: June-25 | J138: BRC Gripper Head
G139: July-25 | J139: LGA Guide Head
G140: August-25 | J140: Travelling Block
G141: September-25 | J141: Rocker Arm
G142: October-25 | J142: Crown Block (Sheave Cluster)
G143: November-25 | J143: Drawworks Callipers (MB)
... G168: December-27 | J168: DAT
J169: Casings
J170: Mandrel

Sheet Projects Overview
A1: Product Line | B1: Equipment | C1: Project Name | D1: Quantity | E1: Project Phase | F1: Project Scope | G1: Type | H1: Project Status | I1: Start Month | J1: Start Year | K1: Avg hours per Phase (Hours) | L1: Avg Lead time phase (Months) | M1: January-25 | N1: February-25 | O1: March-25 | P1: April-25 | Q1: May-25 | R1: June-25 | S1: July-25 | T1: August-25 | U1: September-25 | V1: October-25 | W1: November-25 | X1: December-25 | Y1: January-26 | Z1: February-26 | AA1: March-26 | AB1: April-26 | AC1: May-26 | AD1: June-26 | AE1: July-26 | AF1: August-26 | AG1: September-26 | AH1: October-26 | AI1: November-26 | AJ1: December-26 | AK1: January-27 | AL1: February-27 | AM1: March-27 | AN1: April-27 | AO1: May-27 | AP1: June-27 | AQ1: July-27 | AR1: August-27 | AS1: September-27 | AT1: October-27 | AU1: November-27 | AV1: December-27
A2: Pressure Control | B2: H4 Connector | C2: TOI - H4 Connector - Transocean (From by sales) - SHD | D2: 1 | E2: FPA | F2: FPA | G2: Firm | H2: Concluded | I2: March-25 | J2: 2025 | K2: =968+242 -> 1210 | L2: 10 | O2: 172.85714 | P2: 172.85714 | Q2: 172.85714 | R2: 172.85714 | S2: 102 | T2: 50 | U2: 100 | X2: 137 | Y2: 130 | Z2: 130
A3: Pressure Control | B3: H4 Connector | C3: TOI - H4 Connector - Transocean (From by sales) - DWHD - Petrobras 1000 | D3: 1 | E3: FPA | F3: FPA | G3: Forecast | H3: Waiting PO | I3: March-26 | J3: 2026 | K3: 1168 | L3: 3 | AA3: =($K3*$D3)/$L3 -> 389.33333 | AB3: =($K3*$D3)/$L3 -> 389.33333 | AC3: =($K3*$D3)/$L3 -> 389.33333
A4: Pressure Control | B4: H4 Connector | C4: TOI - H4 Connector - Transocean (From by sales) - ExF - Petrobras 1000 | D4: 1 | E4: FPA | F4: FPA | G4: Firm | H4: WIP | I4: November-25 | J4: 2025 | K4: 650 | L4: 3 | W4: 350 | X4: 150 | Y4: 150 | Z4: 90 | AA4: 40
A5: Pressure Control | B5: H4 Connector | C5: TOI - H4 Connector - Transocean (From by sales) CX modificantion - DxE - SO 470005658 | D5: 1 | E5: FPA | F5: FPA | G5: Firm | H5: Concluded | I5: August-25 | J5: 2025 | K5: 533 | L5: 4 | T5: 133.33333 | U5: 133.33333 | V5: 133.33333 | W5: 133.33333
A6: Pressure Control | B6: H4 Connector | C6: CON-H4 Connector ExF Amaralina Star - Constellation (From by Project) - 470005343 | D6: 1 | E6: FPA | F6: FPA | G6: Firm | H6: Concluded | I6: May-25 | J6: 2025 | K6: 1330 | L6: 6 | Q6: 242 | R6: 350 | S6: 50 | T6: 150 | U6: 160 | V6: 300 | W6: 78
A7: Pressure Control | B7: Bonnet | C7: VEN - Bonnet - Ventura (From by projects) | D7: 1 | E7: FPA | F7: FPA | G7: Firm | H7: Concluded | I7: February-25 | J7: 2025 | K7: 816 | L7: 3 | N7: =($K7*$D7)/$L7 -> 272 | O7: =($K7*$D7)/$L7 -> 272 | P7: =($K7*$D7)/$L7 -> 272
A8: Pressure Control | B8: Bonnet | C8: VEN - Bonnet - Ventura (From by projects) | D8: 1 | E8: FPA | F8: FPA | G8: Firm | H8: Concluded | I8: February-25 | J8: 2025 | K8: 816 | L8: 3 | N8: =($K8*$D8)/$L8 -> 272 | O8: =($K8*$D8)/$L8 -> 272 | P8: =($K8*$D8)/$L8 -> 272
A9: Pressure Control | B9: Bonnet | C9: VEN - Bonnet - Ventura (From by projects) | D9: 1 | E9: D&I | F9: Transactional | G9: Firm | H9: Concluded | I9: February-25 | J9: 2025 | K9: 100 | L9: 1 | N9: =($K9*$D9)/$L9 -> 100
A10: Pressure Control | B10: Bonnet | C10: VEN - Bonnet - Ventura (From by projects) | D10: 1 | E10: D&I | F10: Transactional | G10: Firm | H10: Concluded | I10: February-25 | J10: 2025 | K10: 100 | L10: 1 | N10: =($K10*$D10)/$L10 -> 100
A11: Pressure Control | B11: Bonnet | C11: VEN - Bonnet - Ventura (From by projects) - 470005332 | D11: 1 | E11: Repair | F11: Transactional | G11: Firm | H11: WIP | I11: June-25 | J11: 2025 | K11: 820 | L11: 5 | R11: 172 | S11: 100 | T11: 100 | U11: 144 | V11: 184 | W11: 150 | X11: 150 | Y11: 70 | Z11: 30 | AA11: 70
A12: Pressure Control | B12: Bonnet | C12: VEN - Bonnet - Ventura (From by projects) - 470005333 | D12: 1 | E12: Repair | F12: Transactional | G12: Firm | H12: WIP | I12: June-25 | J12: 2025 | K12: 700 | L12: 5 | R12: 172 | S12: 100 | T12: 100 | U12: 144 | V12: 184 | W12: 150 | X12: 150 | Y12: 50
A13: Pressure Control | B13: Bonnet | C13: CON-Bonnet 4604405 - Constellation (From by projects) | D13: 1 | E13: T&A | F13: Transactional | G13: Forecast | H13: Waiting PO | I13: April-26 | J13: 2026 | K13: 132 | L13: 1 | AB13: =($K13*$D13)/$L13 -> 132
A14: Pressure Control | B14: Bonnet | C14: CON-Bonnet 4604427 - Constellation (From by projects) | D14: 1 | E14: T&A | F14: Transactional | G14: Forecast | H14: Waiting PO | I14: April-26 | J14: 2026 | K14: 132 | L14: 1 | AB14: =($K14*$D14)/$L14 -> 132
A15: Pressure Control | B15: H4 Connector | C15: CON - Conector H4 - 4604268 - Constellation | D15: 1 | E15: T&A | F15: Transactional | G15: Forecast | H15: Waiting Parts | I15: March-26 | J15: 2026 | K15: 176 | L15: 1 | AA15: =($K15*$D15)/$L15 -> 176
A16: Pressure Control | B16: H4 Connector | C16: CON - Conector H4 - 470000706 - Constellation | D16: 1 | E16: T&A | F16: Transactional | G16: Firm | H16: Concluded | I16: February-26 | J16: 2025 | K16: 176 | L16: 2 | X16: =($K16*$D16)/$L16 -> 88 | Y16: =($K16*$D16)/$L16 -> 88
A17: Pressure Control | B17: Bonnet | C17: CON-Bonnet 4604404 - Constellation (From by projects) | D17: 1 | E17: T&A | F17: Transactional | G17: Forecast | H17: Waiting PO | I17: April-26 | J17: 2026 | K17: 132 | L17: 1 | AB17: =($K17*$D17)/$L17 -> 132
A18: Pressure Control | B18: Bonnet | C18: CON-Bonnet 4604380 - Constellation (From by projects) | D18: 1 | E18: T&A | F18: Transactional | G18: Forecast | H18: Waiting PO | I18: April-26 | J18: 2026 | K18: 132 | L18: 1 | AB18: =($K18*$D18)/$L18 -> 132
A19: Pressure Control | B19: Bonnet | C19: CON-Bonnet 470001804 - Constellation (From by projects) | D19: 1 | E19: T&A | F19: Transactional | G19: Forecast | H19: Waiting PO | I19: May-26 | J19: 2026 | K19: 132 | L19: 1 | AC19: =($K19*$D19)/$L19 -> 132
A20: Pressure Control | B20: Bonnet | C20: FOR-Bonnet 15-3K 470002470- Foresea (From by projects) | D20: 1 | E20: Repair | F20: Transactional | G20: Firm | H20: Concluded | I20: February-26 | J20: 2025 | K20: 1068 | L20: 8 | O20: 117 | P20: 117 | Q20: 117 | R20: 100 | S20: 100 | T20: 100 | U20: 117 | V20: 150 | W20: 150
A21: Pressure Control | B21: Bonnet | C21: FOR-Bonnet 15-3K 470002553- Foresea (From by projects) | D21: 1 | E21: Repair | F21: Transactional | G21: Firm | H21: Concluded | I21: February-26 | J21: 2025 | K21: 1068 | L21: 8 | O21: 117 | P21: 117 | Q21: 117 | R21: 100 | S21: 100 | T21: 100 | U21: 117 | V21: 150 | W21: 150
A22: Pressure Control | B22: Annular Piston | C22: VLS - Annular Piston - Valaris (From by projects) | D22: 1 | E22: Repair | F22: Transactional | G22: Firm | H22: Concluded | I22: February-26 | J22: 2025 | K22: 396 | L22: 4 | M22: =($K22*$D22)/$L22 -> 99 | N22: =($K22*$D22)/$L22 -> 99 | O22: =($K22*$D22)/$L22 -> 99 | P22: =($K22*$D22)/$L22 -> 99
A23: Pressure Control | B23: Female Stab | C23: CON-Female Stab - Manufacturing Process | D23: 1 | E23: Manufacturing | F23: Transactional | G23: Firm | H23: WIP | I23: February-26 | J23: 2026 | K23: 125 | L23: 1 | AA23: =($K23*$D23)/$L23 -> 125
A24: Pressure Control | B24: Female Stab | C24: CON-Female Stab - Complete (From by Projects) | D24: 1 | E24: D&I | F24: Transactional | G24: Firm | H24: Concluded | I24: February-26 | J24: 2025 | K24: 564.5 | L24: 1 | R24: =($K24*$D24)/$L24 -> 564.5
A25: Pressure Control | B25: Female Stab | C25: CON-Female Stab - Piston (From by Projects) | D25: 1 | E25: D&I | F25: Transactional | G25: Firm | H25: Concluded | I25: February-26 | J25: 2025 | K25: 124.5 | L25: 1 | P25: =($K25*$D25)/$L25 -> 124.5
A26: Pressure Control | B26: Ram Block | C26: CON - Ram Block - Constellation - 470004598 (From by sales) | D26: 1 | E26: D&I | F26: Transactional | G26: Firm | H26: Concluded | I26: February-26 | J26: 2025 | K26: 100 | L26: 1 | N26: =($K26*$D26)/$L26 -> 100
A27: Pressure Control | B27: Ram Block | C27: CON - Ram Block - Constellation - 470004599 (From by sales) | D27: 1 | E27: D&I | F27: Transactional | G27: Firm | H27: Concluded | I27: February-26 | J27: 2025 | K27: 100 | L27: 1 | N27: =($K27*$D27)/$L27 -> 100
A28: Pressure Control | B28: Ram Block | C28: CON - Ram Block - Constellation - 470004600 (From by sales) | D28: 1 | E28: D&I | F28: Transactional | G28: Firm | H28: Concluded | I28: February-26 | J28: 2025 | K28: 100 | L28: 1 | N28: =($K28*$D28)/$L28 -> 100
A29: Pressure Control | B29: Ram Block | C29: CON - Ram Block - Constellation - 470004099 (From by Project) | D29: 1 | E29: FPA | F29: FPA | G29: Firm | H29: Concluded | I29: February-26 | J29: 2025 | K29: 386 | L29: 2 | O29: =($K29*$D29)/$L29 -> 193 | P29: =($K29*$D29)/$L29 -> 193
A30: Pressure Control | B30: Ram Block | C30: CON - Ram Block - Constellation - 470004598 (From by Project) | D30: 1 | E30: Repair | F30: Transactional | G30: Firm | H30: Concluded | I30: February-26 | J30: 2025 | K30: 400 | L30: 4 | R30: =($K30*$D30)/$L30 -> 100 | S30: 200 | T30: 67 | U30: 33
A31: Pressure Control | B31: Ram Block | C31: CON - Ram Block - Constellation - 470004599 (From by Project) | D31: 1 | E31: Repair | F31: Transactional | G31: Firm | H31: Concluded | I31: February-26 | J31: 2025 | K31: 440 | L31: 6 | Q31: 88 | R31: 72 | S31: 150 | T31: 50 | U31: 40 | V31: 40
A32: Pressure Control | B32: Ram Block | C32: CON - Ram Block - Constellation - 470004600 (From by Project) | D32: 1 | E32: Repair | F32: Transactional | G32: Firm | H32: Concluded | I32: February-26 | J32: 2025 | K32: 440 | L32: 5 | R32: 100 | S32: 200 | T32: 67 | U32: 33 | V32: 40
A33: Pressure Control | B33: Ram Block | C33: CON - Ram Block - Constellation - 470004100 (From by Project) | D33: 1 | E33: FPA | F33: FPA | G33: Firm | H33: Concluded | I33: February-26 | J33: 2025 | K33: 386 | L33: 3 | O33: =($K33*$D33)/$L33 -> 128.66667 | P33: =($K33*$D33)/$L33 -> 128.66667 | Q33: =($K33*$D33)/$L33 -> 128.66667
A34: Riser | B34: Riser Joint - FT - H | C34: 35J Inspeção Laguna Star, do lote de 41J | D34: 35 | E34: CSA | F34: Short Cycle | G34: Firm | H34: Concluded | I34: February-26 | J34: 2025 | K34: 64 | L34: 4 | Q34: 142 | R34: 1443 | S34: 448 | T34: 200
A35: Riser | B35: Riser Joint - FT - H | C35: 6J Inspeção Laguna Star, pendentes do lote de 41J | D35: 6 | E35: CSA | F35: Short Cycle | G35: Firm | H35: Concluded | I35: February-26 | J35: 2025 | K35: 45 | L35: 1 | V35: =($K35*$D35)/$L35 -> 270
A36: Riser | B36: Riser Joint - FT - H | C36: 25J Montagem laguna Star com Amaralina | D36: 25 | E36: CSA | F36: Short Cycle | G36: Firm | H36: Concluded | I36: February-26 | J36: 2025 | K36: 150 | L36: 1 | U36: =($K36*$D36)/$L36 -> 3750
A37: Riser | B37: Riser Joint - FT - H | C37: 7J teste/montagem Laguna Star - Minor Repair | D37: 7 | E37: CSA | F37: Short Cycle | G37: Firm | H37: Concluded | I37: February-26 | J37: 2025 | K37: 150 | L37: 1 | V37: =($K37*$D37)/$L37 -> 1050
A38: Riser | B38: Riser Joint - FT - H | C38: 17J Inspeção Amaralina Star, do lote de 34J | D38: 17 | E38: CSA | F38: Short Cycle | G38: Firm | H38: Concluded | I38: February-26 | J38: 2025 | K38: 64 | L38: 3 | Q38: 113 | R38: 720 | S38: 264
A39: Riser | B39: Riser Joint - FT - H | C39: 24J Inspeção Amaralina Star | D39: 24 | E39: CSA | F39: Short Cycle | G39: Firm | H39: Concluded | I39: February-26 | J39: 2025 | K39: 45 | L39: 1 | V39: =($K39*$D39)/$L39 -> 1080
A40: Riser | B40: Riser Joint - FT - H | C40: 39J SPS Inspeção Amaralina Star, juntas que virão para onshore | D40: 39 | E40: CSA | F40: Short Cycle | G40: Firm | H40: WIP | I40: January-26 | J40: 2026 | K40: 150 | L40: 1 | Y40: =($K40*$D40)/$L40 -> 5850
A41: Others | B41: Casings | C41: 110 Casings 12m com 22" - Baker Hughes | D41: 84 | E41: D&I | F41: Short Cycle | G41: Firm | H41: Concluded | I41: February-26 | J41: 2025 | K41: 7.36 | L41: 2 | X41: =($K41*$D41)/$L41 -> 309.12 | Y41: =($K41*$D41)/$L41 -> 309.12
A42: Riser | B42: Riser Joint - FT - H | C42: 30J SPS Amaralina Star - Minor Repair | D42: 30 | E42: CSA | F42: Short Cycle | G42: Firm | H42: WIP | I42: January-26 | J42: 2026 | K42: 88 | L42: 2 | Y42: 100 | Z42: 410
A43: Riser | B43: Riser Joint - FT - H | C43: 20J SPS Amaralina Star - Major Repair | D43: 20 | E43: CSA | F43: Short Cycle | G43: Firm | H43: WIP | I43: February-26 | J43: 2026 | K43: 310 | L43: 2 | Z43: =($K43*$D43)/$L43 -> 3100 | AA43: =($K43*$D43)/$L43 -> 3100
A44: Riser | B44: Riser Joint - FT - H | C44: 4J Amaralina Star onshore - Minor repair | D44: 4 | E44: CSA | F44: Short Cycle | G44: Firm | H44: Concluded | I44: February-26 | J44: 2025 | K44: 30 | L44: 1 | X44: =($K44*$D44)/$L44 -> 120
A45: Riser | B45: Riser Joint - FT - H | C45: 8J Amaralina Star onshore - Major Repair | D45: 8 | E45: CSA | F45: Short Cycle | G45: Firm | H45: Concluded | I45: November-25 | J45: 2025 | K45: 370 | L45: 2 | W45: =($K45*$D45)/$L45 -> 1480 | X45: =($K45*$D45)/$L45 -> 1480
A46: Riser | B46: Riser Joint - FT - H | C46: 57J SPS Laguna Star - Minor Repair | D46: 57 | E46: CSA | F46: Short Cycle | G46: Firm | H46: WIP | I46: November-26 | J46: 2026 | K46: 88 | L46: 2 | AI46: =($K46*$D46)/$L46 -> 2508 | AJ46: =($K46*$D46)/$L46 -> 2508
A47: Riser | B47: Riser Joint - FT - H | C47: 5J Amaralina Star onshore - Major Repair | D47: 5 | E47: CSA | F47: Short Cycle | G47: Firm | H47: WIP | I47: January-26 | J47: 2026 | K47: 310 | L47: 1 | Y47: =($K47*$D47)/$L47 -> 1550
A48: Riser | B48: Riser Joint - FT - H | C48: 4J Amaralina Star Onshore - Major Repair | D48: 4 | E48: CSA | F48: Short Cycle | G48: Firm | H48: Concluded | I48: February-26 | J48: 2025 | K48: 370 | L48: 2 | V48: =($K48*$D48)/$L48 -> 740 | W48: =($K48*$D48)/$L48 -> 740
A49: Riser | B49: Riser Joint - FT - H | C49: 4J Amaralina Star onshore - Minor Repair | D49: 4 | E49: CSA | F49: Short Cycle | G49: Firm | H49: Concluded | I49: February-26 | J49: 2025 | K49: 30 | L49: 2 | V49: =($K49*$D49)/$L49 -> 60 | W49: =($K49*$D49)/$L49 -> 60
A50: Riser | B50: Riser Joint - FT - H | C50: 30J Amaralina Star Onshore - Major Repair | D50: 30 | E50: CSA | F50: Short Cycle | G50: Firm | H50: Concluded | I50: December-25 | J50: 2025 | K50: 370 | L50: 1 | X50: =($K50*$D50)/$L50 -> 11100
A51: Riser | B51: Riser Joint - FT - H | C51: 11J Amaralina Star Onshore Base Line Inspection | D51: 11 | E51: CSA | F51: Short Cycle | G51: Firm | H51: Concluded | I51: February-26 | J51: 2025 | K51: 45 | L51: 1 | W51: =($K51*$D51)/$L51 -> 495
A52: Riser | B52: Riser Joint - FT - H | C52: 30J Inspeção Brava Star | D52: 30 | E52: CSA | F52: Short Cycle | G52: Firm | H52: WIP | I52: December-25 | J52: 2025 | K52: 45 | L52: 1 | X52: =($K52*$D52)/$L52 -> 1350
A53: Riser | B53: Riser Joint - FT - H | C53: 25J Minor Repair and Assembly Brava Star | D53: 25 | E53: CSA | F53: Short Cycle | G53: Firm | H53: WIP | I53: January-26 | J53: 2026 | K53: 88 | L53: 2 | Y53: =($K53*$D53)/$L53 -> 1100 | Z53: =($K53*$D53)/$L53 -> 1100
A54: Riser | B54: Riser Joint - FT - H | C54: 22J Minor Repair and Assembly Brava Star | D54: 22 | E54: CSA | F54: Short Cycle | G54: Firm | H54: WIP | I54: April-26 | J54: 2026 | K54: 88 | L54: 2 | AB54: =($K54*$D54)/$L54 -> 968 | AC54: =($K54*$D54)/$L54 -> 968
A55: Riser | B55: Riser Joint - FT - H | C55: 10J Major Repair and Assembly Brava Star | D55: 10 | E55: CSA | F55: Short Cycle | G55: Firm | H55: WIP | I55: February-26 | J55: 2026 | K55: 310 | L55: 2 | Z55: 1000 | AA55: 2100
A56: Riser | B56: Riser Joint - FT - H | C56: 45J Inspeção Brava Star | D56: 45 | E56: CSA | F56: Short Cycle | G56: Firm | H56: Concluded | I56: February-26 | J56: 2025 | K56: 35 | L56: 3 | Q56: 88 | R56: 704 | S56: 785
A57: Riser | B57: Riser Joint - FT - H | C57: 23J teste/montagem Brava Star | D57: 23 | E57: CSA | F57: Short Cycle | G57: Firm | H57: Concluded | I57: February-26 | J57: 2025 | K57: 77 | L57: 1 | S57: 1781
A58: Riser | B58: Riser Joint - FT - H | C58: 10J teste/montagem Brava Star | D58: 10 | E58: CSA | F58: Short Cycle | G58: Firm | H58: Concluded | I58: February-26 | J58: 2025 | K58: 40 | L58: 1 | T58: =($K58*$D58)/$L58 -> 400
A59: Riser | B59: Riser Joint - FT - H | C59: 5J Major Repair Laguna Star - From by offshore - Lote 2 of January | D59: 5 | E59: CSA | F59: Short Cycle | G59: Firm | H59: WIP | I59: January-26 | J59: 2026 | K59: 310 | L59: 2 | Y59: =($K59*$D59)/$L59 -> 775 | Z59: =($K59*$D59)/$L59 -> 775
A60: Riser | B60: Riser Joint - FT - H | C60: 3J Reparo Laguna Star - From by offshore - Lote 1 of December | D60: 3 | E60: CSA | F60: Short Cycle | G60: Firm | H60: WIP | I60: February-26 | J60: 2025 | K60: 370 | L60: 1 | X60: =($K60*$D60)/$L60 -> 1110
A61: Riser | B61: Riser Joint - FT - H | C61: 7J Reparo Laguna Star | D61: 7 | E61: CSA | F61: Short Cycle | G61: Firm | H61: Concluded | I61: October-25 | J61: 2025 | K61: 370 | L61: 2 | V61: =($K61*$D61)/$L61 -> 1295 | W61: =($K61*$D61)/$L61 -> 1295
A62: Topside | B62: Telescopic Joint - QTR-3500 | C62: CON - TJ GDS-B - Constellation (From by sales) | D62: 1 | E62: D&I | F62: Transactional | G62: Firm | H62: Concluded | I62: February-26 | J62: 2025 | K62: 960 | L62: 2 | Q62: 480 | R62: 480
A63: Topside | B63: Telescopic Joint - QTR-3500 | C63: CON - TJ APS-001 - Constellation (From by sales) | D63: 1 | E63: CSA | F63: Short Cycle | G63: Firm | H63: Concluded | I63: February-26 | J63: 2025 | K63: 450 | L63: 1 | N63: 450
A64: Riser | B64: Riser Joint - QTR-3500 | C64: 10J Repair Scope - CSA - Constellation | D64: 10 | E64: Repair | F64: Transactional | G64: Firm | H64: Concluded | I64: February-26 | J64: 2025 | K64: 460 | L64: 3 | S64: 1850 | T64: 1850 | U64: 900 | V64: 450
A65: Riser | B65: Riser Joint - QTR-3500 | C65: 128 Preservation Scope - CSA - Constellation (From by project) | D65: 128 | E65: CSA | F65: Short Cycle | G65: Firm | H65: Concluded | I65: October-25 | J65: 2025 | K65: 25 | L65: 2 | V65: =($K65*$D65)/$L65 -> 1600 | W65: =($K65*$D65)/$L65 -> 1600
A66: Riser | B66: Riser Joint - QTR-3500 | C66: 30J CSA Gold Star - RiCon (From by project) | D66: 30 | E66: CSA | F66: Short Cycle | G66: Firm | H66: Concluded | I66: February-26 | J66: 2025 | K66: 30 | L66: 1 | P66: =($K66*$D66)/$L66 -> 900
A67: Riser | B67: Riser Joint - QTR-3500 | C67: 123J CSA Lone Star - RiCon (From by project) | D67: 123 | E67: CSA | F67: Short Cycle | G67: Firm | H67: Concluded | I67: February-26 | J67: 2025 | K67: 100 | L67: 2 | M67: =($K67*$D67)/$L67 -> 6150 | N67: =($K67*$D67)/$L67 -> 6150
A68: Riser | B68: Riser Joint - QTR-3500 | C68: 44J CSA Alpha Star - RiCon (From by project) | D68: 44 | E68: CSA | F68: Short Cycle | G68: Firm | H68: Concluded | I68: February-26 | J68: 2025 | K68: 100 | L68: 2 | N68: =($K68*$D68)/$L68 -> 2200 | O68: =($K68*$D68)/$L68 -> 2200
A69: Riser | B69: Riser Joint - QTR-3500 | C69: 88 módulos de flutuadores (From by project) | D69: 88 | E69: Repair | F69: Short Cycle | G69: Firm | H69: Concluded | I69: February-26 | J69: 2025 | K69: 20 | L69: 2 | R69: =($K69*$D69)/$L69 -> 880 | S69: =($K69*$D69)/$L69 -> 880
A70: Riser | B70: Riser Joint - QTR-3500 | C70: 36J Rework Alpha Star (From by project) | D70: 36 | E70: T&A | F70: Transactional | G70: Firm | H70: Concluded | I70: February-26 | J70: 2025 | K70: 30 | L70: 1 | N70: =($K70*$D70)/$L70 -> 1080
A71: Riser | B71: Riser Joint - QTR-3500 | C71: 36J CSA Alpha Star - RiCon (From by project) | D71: 36 | E71: CSA | F71: Short Cycle | G71: Firm | H71: Concluded | I71: February-26 | J71: 2025 | K71: 30 | L71: 1 | P71: =($K71*$D71)/$L71 -> 1080
A72: Riser | B72: Riser Joint - LK - 3.5 | C72: 2J Repair Scope from 14J D&I 2Y- Noble (From by projects team) | D72: 2 | E72: Repair | F72: Transactional | G72: Firm | H72: Concluded | I72: February-26 | J72: 2025 | K72: 300 | L72: 1 | N72: =($K72*$D72)/$L72 -> 600
A73: Riser | B73: Riser Joint - LK - 3.5 | C73: 36J Preservation - Noble (From by projects team) | D73: 36 | E73: CSA | F73: Short Cycle | G73: Firm | H73: Concluded | I73: February-26 | J73: 2025 | K73: 20 | L73: 2 | U73: =($K73*$D73)/$L73 -> 360 | V73: 180 | W73: 180
A74: Topside | B74: BRC Gripper Head | C74: NBL - Gripper Head - Noble - GPH-1 (From by sales) | D74: 1 | E74: D&I | F74: Transactional | G74: Firm | H74: WIP | I74: February-26 | J74: 2026 | K74: 160 | L74: 1 | Z74: =($K74*$D74)/$L74 -> 160
A75: Topside | B75: BRC Gripper Head | C75: NBL - Gripper Head - Noble - GPH-1 (From by sales) | D75: 1 | E75: Repair | F75: Transactional | G75: Forecast | H75: Waiting PO | I75: April-26 | J75: 2026 | K75: 600 | L75: 2 | AB75: =($K75*$D75)/$L75 -> 300 | AC75: =($K75*$D75)/$L75 -> 300
A76: Topside | B76: BRC Gripper Head | C76: NBL - Gripper Head - Noble - GPH-1 (From by sales) | D76: 1 | E76: T&A | F76: Transactional | G76: Forecast | H76: Waiting PO | I76: July-26 | J76: 2026 | K76: 208 | L76: 1 | AE76: =($K76*$D76)/$L76 -> 208
A77: Topside | B77: BRC Gripper Head | C77: NBL - Gripper Head - Noble - GPH-2 (From by sales) | D77: 1 | E77: D&I | F77: Transactional | G77: Firm | H77: Waiting Parts | I77: March-26 | J77: 2026 | K77: 160 | L77: 1 | AA77: =($K77*$D77)/$L77 -> 160
A78: Topside | B78: BRC Gripper Head | C78: NBL - Gripper Head - Noble - GPH-2 (From by sales) | D78: 1 | E78: Repair | F78: Transactional | G78: Forecast | H78: Waiting PO | I78: May-26 | J78: 2026 | K78: 600 | L78: 2 | AC78: =($K78*$D78)/$L78 -> 300 | AD78: =($K78*$D78)/$L78 -> 300
A79: Topside | B79: BRC Gripper Head | C79: NBL - Gripper Head - Noble - GPH-2 (From by sales) | D79: 1 | E79: T&A | F79: Transactional | G79: Forecast | H79: Waiting PO | I79: July-26 | J79: 2026 | K79: 208 | L79: 1 | AE79: =($K79*$D79)/$L79 -> 208
A80: Others | B80: Torque Wrenches | C80: FOR - Assembly and Adjust RNX - Norbe IX | D80: 1 | E80: T&A | F80: Transactional | G80: Forecast | H80: Waiting PO | I80: February-26 | J80: 2026 | K80: 350 | L80: 2 | AA80: =($K80*$D80)/$L80 -> 175 | AB80: =($K80*$D80)/$L80 -> 175
A81: Topside | B81: BRC Gripper Head | C81: PRIO - Gripper Head - PRIO (From by sales) | D81: 1 | E81: Repair | F81: Transactional | G81: Firm | H81: WIP | I81: December-25 | J81: 2025 | K81: 968 | L81: 3 | X81: =($K81*$D81)/$L81 -> 322.66667 | Y81: 200 | Z81: 200 | AA81: 100 | AB81: 146
A82: Topside | B82: BRC Gripper Head | C82: Equinor - Gripper Head - Equinor - Peregrino C | D82: 1 | E82: FPA | F82: FPA | G82: Forecast | H82: Waiting PO | I82: March-26 | J82: 2026 | K82: 968 | L82: 3 | AA82: =($K82*$D82)/$L82 -> 322.66667 | AB82: =($K82*$D82)/$L82 -> 322.66667 | AC82: =($K82*$D82)/$L82 -> 322.66667
A83: Topside | B83: LGA Guide Head | C83: PRIO - LGA Guide Head - Prio (From by project team) | D83: 1 | E83: Repair | F83: Transactional | G83: Firm | H83: WIP | I83: December-25 | J83: 2025 | K83: 997 | L83: 4 | W83: =($K83*$D83)/$L83 -> 249.25 | X83: =($K83*$D83)/$L83 -> 249.25 | Y83: 180 | Z83: 180 | AA83: 138 | AB83: 140
A84: Topside | B84: Travelling Block | C84: FOR - Travelling Block - Foresea (From by sales) | D84: 1 | E84: FPA | F84: FPA | G84: Firm | H84: Concluded | I84: February-26 | J84: 2025 | K84: 1090 | L84: 9 | M84: 105.71429 | N84: 105.71429 | O84: 105.71429 | P84: 105.71429 | Q84: 105.71429 | R84: 105.71429 | S84: 105.71429 | T84: 150 | U84: 200
A85: Topside | B85: Travelling Block | C85: FOR - Travelling Block - Foresea ODN I (From by sales) | D85: 1 | E85: FPA | F85: FPA | G85: Forecast | H85: Waiting PO | I85: May-26 | J85: 2026 | K85: 704 | L85: 3 | AC85: =($K85*$D85)/$L85 -> 234.66667 | AD85: =($K85*$D85)/$L85 -> 234.66667 | AE85: =($K85*$D85)/$L85 -> 234.66667
A86: Topside | B86: Crown Block (Sheave Cluster) | C86: FOR - Sheave Cluster - Norbe VIII (From by sales) | D86: 1 | E86: FPA | F86: FPA | G86: Firm | H86: Concluded | I86: February-26 | J86: 2025 | K86: 1808 | L86: 8 | N86: 234.66667 | O86: 234.66667 | P86: 234.66667 | Q86: 234.66667 | R86: 234.66667 | S86: 234.66667 | T86: 100 | U86: 300
A87: Topside | B87: Crown Block (Sheave Cluster) | C87: FOR - Sheave Cluster - ODN I (From by sales) | D87: 1 | E87: FPA | F87: FPA | G87: Forecast | H87: Waiting PO | I87: May-26 | J87: 2026 | K87: 704 | L87: 3 | AC87: =($K87*$D87)/$L87 -> 234.66667 | AD87: =($K87*$D87)/$L87 -> 234.66667 | AE87: =($K87*$D87)/$L87 -> 234.66667
A88: Topside | B88: Drawworks Callipers (MB) | C88: 2x Brake Callipers - Foresea (From by Projects) | D88: 2 | E88: FPA | F88: FPA | G88: Firm | H88: Concluded | I88: February-26 | J88: 2025 | K88: 66 | L88: 1 | O88: =($K88*$D88)/$L88 -> 132
A89: Topside | B89: DAT | C89: VEN - DAT - Ventura Victoria (From by sales) | D89: 1 | E89: D&I | F89: Transactional | G89: Forecast | H89: Waiting PO | I89: March-26 | J89: 2026 | K89: 98 | L89: 1 | AA89: =($K89*$D89)/$L89 -> 98
A90: Topside | B90: Drawworks Callipers (MB) | C90: 8x Brake Callipers - Noble - Ocean Courage (From by projects) | D90: 8 | E90: D&I | F90: Transactional | G90: Firm | H90: Concluded | I90: February-26 | J90: 2025 | K90: 20 | L90: 1 | R90: =($K90*$D90)/$L90 -> 160
A91: Topside | B91: Drawworks Callipers (MB) | C91: 8x Brake Callipers - Noble - Ocean Courage (From by projects) | D91: 8 | E91: Repair | F91: Transactional | G91: Firm | H91: Concluded | I91: February-26 | J91: 2025 | K91: 20 | L91: 1 | S91: =($K91*$D91)/$L91 -> 160
A92: Topside | B92: Drawworks Callipers (MB) | C92: 4x Brake Callipers - Ventura (From by sales) | D92: 4 | E92: D&I | F92: Transactional | G92: Firm | H92: Concluded | I92: February-26 | J92: 2025 | K92: 20 | L92: 1 | R92: =($K92*$D92)/$L92 -> 80
A93: Topside | B93: Drawworks Callipers (MB) | C93: 4x Brake Callipers - Ventura (From by sales) | D93: 4 | E93: Repair | F93: Transactional | G93: Firm | H93: Concluded | I93: February-26 | J93: 2025 | K93: 20 | L93: 1 | U93: =($K93*$D93)/$L93 -> 80
A94: Others | B94: Offshore | C94: 4 Employee - January | D94: 4 | E94: N/A | F94: Offshore | G94: Firm | H94: Concluded | I94: February-26 | J94: 2025 | K94: 110 | L94: 1 | M94: =($K94*$D94)/$L94 -> 440
A95: Others | B95: Offshore | C95: 4 Employee - February | D95: 4 | E95: N/A | F95: Offshore | G95: Firm | H95: Concluded | I95: February-26 | J95: 2025 | K95: 110 | L95: 1 | N95: =($K95*$D95)/$L95 -> 440
A96: Others | B96: Offshore | C96: 4 Employee - March | D96: 4 | E96: N/A | F96: Offshore | G96: Firm | H96: Concluded | I96: February-26 | J96: 2025 | K96: 110 | L96: 1 | O96: =($K96*$D96)/$L96 -> 440
A97: Others | B97: Offshore | C97: 8 Employee - April | D97: 8 | E97: N/A | F97: Offshore | G97: Firm | H97: Concluded | I97: February-26 | J97: 2025 | K97: 110 | L97: 1 | P97: =($K97*$D97)/$L97 -> 880
A98: Others | B98: Offshore | C98: 8 Employee - May | D98: 8 | E98: N/A | F98: Offshore | G98: Firm | H98: Concluded | I98: February-26 | J98: 2025 | K98: 110 | L98: 1 | Q98: =($K98*$D98)/$L98 -> 880
A99: Others | B99: Offshore | C99: 4 Employee - June | D99: 4 | E99: N/A | F99: Offshore | G99: Firm | H99: Concluded | I99: February-26 | J99: 2025 | K99: 110 | L99: 1 | R99: =($K99*$D99)/$L99 -> 440
A100: Others | B100: Offshore | C100: 3 Employee - July | D100: 3 | E100: N/A | F100: Offshore | G100: Firm | H100: Concluded | I100: February-26 | J100: 2025 | K100: 110 | L100: 1 | S100: =($K100*$D100)/$L100 -> 330
...

Sheet RCCP SAM
BE3: CATEGORY | BF3: 2025 Demand | BG3: 2026 Demand | BH3: 2027 Demand
A4: Product Line | B4: Equipment | C4: Type | D4: 2025 - Demand (Volumes) | P4: 2026 - Demand (Volumes) | AB4: 2027 - Demand (Volumes) | BE4: O&R RISER FIRM | BF4: =SUM(AQ44:AT44)/1000 -> 82.966267 | BG4: =SUM(AU44:AX44)/1000 -> 63.6976 | BH4: =SUM(AY44:BB44)/1000 -> 38.2468
D5: January-25 | E5: February-25 | F5: March-25 | G5: April-25 | H5: May-25 | I5: June-25 | J5: July-25 | K5: August-25 | L5: September-25 | M5: October-25 | N5: November-25 | O5: December-25 | P5: January-26 | Q5: February-26 | R5: March-26 | S5: April-26 | T5: May-26 | U5: June-26 | V5: July-26 | W5: August-26 | X5: September-26 | Y5: October-26 | Z5: November-26 | AA5: December-26 | AB5: January-27 | AC5: February-27 | AD5: March-27 | AE5: April-27 | AF5: May-27 | AG5: June-27 | AH5: July-27 | AI5: August-27 | AJ5: September-27 | AK5: October-27 | AL5: November-27 | AM5: December-27 | BE5: O&R RISER RISK RELEASE | BF5: =SUM(AQ48:AT48)/1000 -> 0 | BG5: =SUM(AU48:AX48)/1000 -> 0 | BH5: =SUM(AY48:BB48)/1000 -> 0
A6: Pressure Control | B6: H4 Connector | C6: Firm | D6: 2129.6 | E6: 1777.6 | F6: 445.1 | G6: 251.5 | H6: 735.5 | I6: {=SUMPRODUCT(('Projects Overview'!$B$2:$B$5021="H4 Connector")*('Projects Overview'!$G$2:$G$5021="Firm")*('Projects Overview'!R$2:R$5021))} -> 522.85714 | J6: {=SUMPRODUCT(('Projects Overview'!$B$2:$B$5021="H4 Connector")*('Projects Overview'!$G$2:$G$5021="Firm")*('Projects Overview'!S$2:S$5021))} -> 152 | K6: {=SUMPRODUCT(('Projects Overview'!$B$2:$B$5021="H4 Connector")*('Projects Overview'!$G$2:$G$5021="Firm")*('Projects Overview'!T$2:T$5021))} -> 822.66667 | L6: {=SUMPRODUCT(('Projects Overview'!$B$2:$B$5021="H4 Connector")*('Projects Overview'!$G$2:$G$5021="Firm")*('Projects Overview'!U$2:U$5021))} -> 782.66667 | M6: {=SUMPRODUCT(('Projects Overview'!$B$2:$B$5021="H4 Connector")*('Projects Overview'!$G$2:$G$5021="Firm")*('Projects Overview'!V$2:V$5021))} -> 1341.6667 | N6: {=SUMPRODUCT(('Projects Overview'!$B$2:$B$5021="H4 Connector")*('Projects Overview'!$G$2:$G$5021="Firm")*('Projects Overview'!W$2:W$5021))} -> 1920.6667 | O6: {=SUMPRODUCT(('Projects Overview'!$B$2:$B$5021="H4 Connector")*('Projects Overview'!$G$2:$G$5021="Firm")*('Projects Overview'!X$2:X$5021))} -> 764 | P6: {=SUMPRODUCT(('Projects Overview'!$B$2:$B$5021="H4 Connector")*('Projects Overview'!$G$2:$G$5021="Firm")*('Projects Overview'!Y$2:Y$5021))} -> 638 | ... AM6: {=SUMPRODUCT(('Projects Overview'!$B$2:$B$5021="H4 Connector")*('Projects Overview'!$G$2:$G$5021="Firm")*('Projects Overview'!AV$2:AV$5021))} -> 0 | BE6: O&R RISER FCST | BF6: =SUM(AQ52:AT52)/1000 -> 0 | BG6: =SUM(AU52:AX52)/1000 -> 19.302 | BH6: =SUM(AY52:BB52)/1000 -> 0
C7: Risk Release | D7: 0 | E7: 0 | F7: 0 | G7: 0 | H7: 0 | I7: {=SUMPRODUCT(('Projects Overview'!$B$2:$B$5021="H4 Connector")*('Projects Overview'!$G$2:$G$5021="Risk Release")*('Projects Overview'!R$2:R$5021))} -> 0 | J7: {=SUMPRODUCT(('Projects Overview'!$B$2:$B$5021="H4 Connector")*('Projects Overview'!$G$2:$G$5021="Risk Release")*('Projects Overview'!S$2:S$5021))} -> 0 | K7: {=SUMPRODUCT(('Projects Overview'!$B$2:$B$5021="H4 Connector")*('Projects Overview'!$G$2:$G$5021="Risk Release")*('Projects Overview'!T$2:T$5021))} -> 0 | L7: {=SUMPRODUCT(('Projects Overview'!$B$2:$B$5021="H4 Connector")*('Projects Overview'!$G$2:$G$5021="Risk Release")*('Projects Overview'!U$2:U$5021))} -> 0 | M7: {=SUMPRODUCT(('Projects Overview'!$B$2:$B$5021="H4 Connector")*('Projects Overview'!$G$2:$G$5021="Risk Release")*('Projects Overview'!V$2:V$5021))} -> 0 | N7: {=SUMPRODUCT(('Projects Overview'!$B$2:$B$5021="H4 Connector")*('Projects Overview'!$G$2:$G$5021="Risk Release")*('Projects Overview'!W$2:W$5021))} -> 0 | O7: {=SUMPRODUCT(('Projects Overview'!$B$2:$B$5021="H4 Connector")*('Projects Overview'!$G$2:$G$5021="Risk Release")*('Projects Overview'!X$2:X$5021))} -> 0 | P7: {=SUMPRODUCT(('Projects Overview'!$B$2:$B$5021="H4 Connector")*('Projects Overview'!$G$2:$G$5021="Risk Release")*('Projects Overview'!Y$2:Y$5021))} -> 0 | ... AM7: {=SUMPRODUCT(('Projects Overview'!$B$2:$B$5021="H4 Connector")*('Projects Overview'!$G$2:$G$5021="Risk Release")*('Projects Overview'!AV$2:AV$5021))} -> 0 | BE7: O&R RISER TOTAL Hrs. | BF7: =SUM(BF4:BF6) -> 82.966267 | BG7: =SUM(BG4:BG6) -> 82.9996 | BH7: =SUM(BH4:BH6) -> 38.2468
C8: Forecast | D8: 0 | E8: 0 | F8: 0 | G8: 0 | H8: 0 | I8: {=SUMPRODUCT(('Projects Overview'!$B$2:$B$5021="H4 Connector")*('Projects Overview'!$G$2:$G$5021="Forecast")*('Projects Overview'!R$2:R$5021))} -> 0 | J8: {=SUMPRODUCT(('Projects Overview'!$B$2:$B$5021="H4 Connector")*('Projects Overview'!$G$2:$G$5021="Forecast")*('Projects Overview'!S$2:S$5021))} -> 0 | K8: {=SUMPRODUCT(('Projects Overview'!$B$2:$B$5021="H4 Connector")*('Projects Overview'!$G$2:$G$5021="Forecast")*('Projects Overview'!T$2:T$5021))} -> 0 | L8: {=SUMPRODUCT(('Projects Overview'!$B$2:$B$5021="H4 Connector")*('Projects Overview'!$G$2:$G$5021="Forecast")*('Projects Overview'!U$2:U$5021))} -> 0 | M8: {=SUMPRODUCT(('Projects Overview'!$B$2:$B$5021="H4 Connector")*('Projects Overview'!$G$2:$G$5021="Forecast")*('Projects Overview'!V$2:V$5021))} -> 0 | N8: {=SUMPRODUCT(('Projects Overview'!$B$2:$B$5021="H4 Connector")*('Projects Overview'!$G$2:$G$5021="Forecast")*('Projects Overview'!W$2:W$5021))} -> 0 | O8: {=SUMPRODUCT(('Projects Overview'!$B$2:$B$5021="H4 Connector")*('Projects Overview'!$G$2:$G$5021="Forecast")*('Projects Overview'!X$2:X$5021))} -> 0 | P8: {=SUMPRODUCT(('Projects Overview'!$B$2:$B$5021="H4 Connector")*('Projects Overview'!$G$2:$G$5021="Forecast")*('Projects Overview'!Y$2:Y$5021))} -> 0 | ... AM8: {=SUMPRODUCT(('Projects Overview'!$B$2:$B$5021="H4 Connector")*('Projects Overview'!$G$2:$G$5021="Forecast")*('Projects Overview'!AV$2:AV$5021))} -> 0 | BE8: O&R TOPSIDE FIRM | BF8: =SUM(AQ46:AT46)/1000 -> 23.927595 | BG8: =SUM(AU46:AX46)/1000 -> 3.854 | BH8: =SUM(AY46:BB46)/1000 -> 0
B9: Bonnet | C9: Firm | D9: 211.2 | E9: 821.86667 | F9: 973.86667 | G9: 762.66667 | H9: 352 | I9: {=SUMPRODUCT(('Projects Overview'!$B$2:$B$5021="Bonnet")*('Projects Overview'!$G$2:$G$5021="Firm")*('Projects Overview'!R$2:R$5021))} -> 544 | J9: {=SUMPRODUCT(('Projects Overview'!$B$2:$B$5021="Bonnet")*('Projects Overview'!$G$2:$G$5021="Firm")*('Projects Overview'!S$2:S$5021))} -> 400 | K9: {=SUMPRODUCT(('Projects Overview'!$B$2:$B$5021="Bonnet")*('Projects Overview'!$G$2:$G$5021="Firm")*('Projects Overview'!T$2:T$5021))} -> 400 | L9: {=SUMPRODUCT(('Projects Overview'!$B$2:$B$5021="Bonnet")*('Projects Overview'!$G$2:$G$5021="Firm")*('Projects Overview'!U$2:U$5021))} -> 522 | M9: {=SUMPRODUCT(('Projects Overview'!$B$2:$B$5021="Bonnet")*('Projects Overview'!$G$2:$G$5021="Firm")*('Projects Overview'!V$2:V$5021))} -> 668 | N9: {=SUMPRODUCT(('Projects Overview'!$B$2:$B$5021="Bonnet")*('Projects Overview'!$G$2:$G$5021="Firm")*('Projects Overview'!W$2:W$5021))} -> 600 | O9: {=SUMPRODUCT(('Projects Overview'!$B$2:$B$5021="Bonnet")*('Projects Overview'!$G$2:$G$5021="Firm")*('Projects Overview'!X$2:X$5021))} -> 300 | P9: {=SUMPRODUCT(('Projects Overview'!$B$2:$B$5021="Bonnet")*('Projects Overview'!$G$2:$G$5021="Firm")*('Projects Overview'!Y$2:Y$5021))} -> 120 | ... AM9: {=SUMPRODUCT(('Projects Overview'!$B$2:$B$5021="Bonnet")*('Projects Overview'!$G$2:$G$5021="Firm")*('Projects Overview'!AV$2:AV$5021))} -> 0 | BE9: O&R TOPSIDE RISK RELEASE | BF9: =SUM(AQ50:AT50)/1000 -> 0 | BG9: =SUM(AU50:AX50)/1000 -> 0 | BH9: =SUM(AY50:BB50)/1000 -> 0
C10: Risk Release | D10: 0 | E10: 0 | F10: 0 | G10: 0 | H10: 0 | I10: {=SUMPRODUCT(('Projects Overview'!$B$2:$B$5021="Bonnet")*('Projects Overview'!$G$2:$G$5021="Risk Release")*('Projects Overview'!R$2:R$5021))} -> 0 | J10: {=SUMPRODUCT(('Projects Overview'!$B$2:$B$5021="Bonnet")*('Projects Overview'!$G$2:$G$5021="Risk Release")*('Projects Overview'!S$2:S$5021))} -> 0 | K10: {=SUMPRODUCT(('Projects Overview'!$B$2:$B$5021="Bonnet")*('Projects Overview'!$G$2:$G$5021="Risk Release")*('Projects Overview'!T$2:T$5021))} -> 0 | L10: {=SUMPRODUCT(('Projects Overview'!$B$2:$B$5021="Bonnet")*('Projects Overview'!$G$2:$G$5021="Risk Release")*('Projects Overview'!U$2:U$5021))} -> 0 | M10: {=SUMPRODUCT(('Projects Overview'!$B$2:$B$5021="Bonnet")*('Projects Overview'!$G$2:$G$5021="Risk Release")*('Projects Overview'!V$2:V$5021))} -> 0 | N10: {=SUMPRODUCT(('Projects Overview'!$B$2:$B$5021="Bonnet")*('Projects Overview'!$G$2:$G$5021="Risk Release")*('Projects Overview'!W$2:W$5021))} -> 0 | O10: {=SUMPRODUCT(('Projects Overview'!$B$2:$B$5021="Bonnet")*('Projects Overview'!$G$2:$G$5021="Risk Release")*('Projects Overview'!X$2:X$5021))} -> 0 | P10: {=SUMPRODUCT(('Projects Overview'!$B$2:$B$5021="Bonnet")*('Projects Overview'!$G$2:$G$5021="Risk Release")*('Projects Overview'!Y$2:Y$5021))} -> 0 | ... AM10: {=SUMPRODUCT(('Projects Overview'!$B$2:$B$5021="Bonnet")*('Projects Overview'!$G$2:$G$5021="Risk Release")*('Projects Overview'!AV$2:AV$5021))} -> 0 | BE10: O&R TOPSIDE FCST | BF10: =SUM(AQ54:AT54)/1000 -> 0 | BG10: =SUM(AU54:AX54)/1000 -> 13.684 | BH10: =SUM(AY54:BB54)/1000 -> 1.9166667
C11: Forecast | D11: 0 | E11: 0 | F11: 0 | G11: 0 | H11: 0 | I11: {=SUMPRODUCT(('Projects Overview'!$B$2:$B$5021="Bonnet")*('Projects Overview'!$G$2:$G$5021="Forecast")*('Projects Overview'!R$2:R$5021))} -> 0 | J11: {=SUMPRODUCT(('Projects Overview'!$B$2:$B$5021="Bonnet")*('Projects Overview'!$G$2:$G$5021="Forecast")*('Projects Overview'!S$2:S$5021))} -> 0 | K11: {=SUMPRODUCT(('Projects Overview'!$B$2:$B$5021="Bonnet")*('Projects Overview'!$G$2:$G$5021="Forecast")*('Projects Overview'!T$2:T$5021))} -> 0 | L11: {=SUMPRODUCT(('Projects Overview'!$B$2:$B$5021="Bonnet")*('Projects Overview'!$G$2:$G$5021="Forecast")*('Projects Overview'!U$2:U$5021))} -> 0 | M11: {=SUMPRODUCT(('Projects Overview'!$B$2:$B$5021="Bonnet")*('Projects Overview'!$G$2:$G$5021="Forecast")*('Projects Overview'!V$2:V$5021))} -> 0 | N11: {=SUMPRODUCT(('Projects Overview'!$B$2:$B$5021="Bonnet")*('Projects Overview'!$G$2:$G$5021="Forecast")*('Projects Overview'!W$2:W$5021))} -> 0 | O11: {=SUMPRODUCT(('Projects Overview'!$B$2:$B$5021="Bonnet")*('Projects Overview'!$G$2:$G$5021="Forecast")*('Projects Overview'!X$2:X$5021))} -> 0 | P11: {=SUMPRODUCT(('Projects Overview'!$B$2:$B$5021="Bonnet")*('Projects Overview'!$G$2:$G$5021="Forecast")*('Projects Overview'!Y$2:Y$5021))} -> 0 | ... AM11: {=SUMPRODUCT(('Projects Overview'!$B$2:$B$5021="Bonnet")*('Projects Overview'!$G$2:$G$5021="Forecast")*('Projects Overview'!AV$2:AV$5021))} -> 0 | BE11: O&R TOPSIDE TOTAL Hrs. | BF11: =SUM(BF8:BF10) -> 23.927595 | BG11: =SUM(BG8:BG10) -> 17.538 | BH11: =SUM(BH8:BH10) -> 1.9166667
B12: BOP Annular | C12: Firm | D12: 261.6 | E12: 261.6 | F12: 261.6 | G12: 0 | H12: 0 | I12: {=SUMPRODUCT(('Projects Overview'!$B$2:$B$5021="BOP Annular")*('Projects Overview'!$G$2:$G$5021="Firm")*('Projects Overview'!R$2:R$5021))} -> 0 | J12: {=SUMPRODUCT(('Projects Overview'!$B$2:$B$5021="BOP Annular")*('Projects Overview'!$G$2:$G$5021="Firm")*('Projects Overview'!S$2:S$5021))} -> 0 | K12: {=SUMPRODUCT(('Projects Overview'!$B$2:$B$5021="BOP Annular")*('Projects Overview'!$G$2:$G$5021="Firm")*('Projects Overview'!T$2:T$5021))} -> 0 | L12: {=SUMPRODUCT(('Projects Overview'!$B$2:$B$5021="BOP Annular")*('Projects Overview'!$G$2:$G$5021="Firm")*('Projects Overview'!U$2:U$5021))} -> 0 | M12: {=SUMPRODUCT(('Projects Overview'!$B$2:$B$5021="BOP Annular")*('Projects Overview'!$G$2:$G$5021="Firm")*('Projects Overview'!V$2:V$5021))} -> 0 | N12: {=SUMPRODUCT(('Projects Overview'!$B$2:$B$5021="BOP Annular")*('Projects Overview'!$G$2:$G$5021="Firm")*('Projects Overview'!W$2:W$5021))} -> 296 | O12: {=SUMPRODUCT(('Projects Overview'!$B$2:$B$5021="BOP Annular")*('Projects Overview'!$G$2:$G$5021="Firm")*('Projects Overview'!X$2:X$5021))} -> 20 | P12: {=SUMPRODUCT(('Projects Overview'!$B$2:$B$5021="BOP Annular")*('Projects Overview'!$G$2:$G$5021="Firm")*('Projects Overview'!Y$2:Y$5021))} -> 270 | ... AM12: {=SUMPRODUCT(('Projects Overview'!$B$2:$B$5021="BOP Annular")*('Projects Overview'!$G$2:$G$5021="Firm")*('Projects Overview'!AV$2:AV$5021))} -> 0 | BE12: O&R PRESSURE CONTROL FIRM | BF12: =SUM(AQ45:AT45)/1000 -> 29.46039 | BG12: =SUM(AU45:AX45)/1000 -> 4.708 | BH12: =SUM(AY45:BB45)/1000 -> 0
C13: Risk Release | D13: 0 | E13: 0 | F13: 0 | G13: 0 | H13: 0 | I13: {=SUMPRODUCT(('Projects Overview'!$B$2:$B$5021="BOP Annular")*('Projects Overview'!$G$2:$G$5021="Risk Release")*('Projects Overview'!R$2:R$5021))} -> 0 | J13: {=SUMPRODUCT(('Projects Overview'!$B$2:$B$5021="BOP Annular")*('Projects Overview'!$G$2:$G$5021="Risk Release")*('Projects Overview'!S$2:S$5021))} -> 0 | K13: {=SUMPRODUCT(('Projects Overview'!$B$2:$B$5021="BOP Annular")*('Projects Overview'!$G$2:$G$5021="Risk Release")*('Projects Overview'!T$2:T$5021))} -> 0 | L13: {=SUMPRODUCT(('Projects Overview'!$B$2:$B$5021="BOP Annular")*('Projects Overview'!$G$2:$G$5021="Risk Release")*('Projects Overview'!U$2:U$5021))} -> 0 | M13: {=SUMPRODUCT(('Projects Overview'!$B$2:$B$5021="BOP Annular")*('Projects Overview'!$G$2:$G$5021="Risk Release")*('Projects Overview'!V$2:V$5021))} -> 0 | N13: {=SUMPRODUCT(('Projects Overview'!$B$2:$B$5021="BOP Annular")*('Projects Overview'!$G$2:$G$5021="Risk Release")*('Projects Overview'!W$2:W$5021))} -> 0 | O13: {=SUMPRODUCT(('Projects Overview'!$B$2:$B$5021="BOP Annular")*('Projects Overview'!$G$2:$G$5021="Risk Release")*('Projects Overview'!X$2:X$5021))} -> 0 | P13: {=SUMPRODUCT(('Projects Overview'!$B$2:$B$5021="BOP Annular")*('Projects Overview'!$G$2:$G$5021="Risk Release")*('Projects Overview'!Y$2:Y$5021))} -> 0 | ... AM13: {=SUMPRODUCT(('Projects Overview'!$B$2:$B$5021="BOP Annular")*('Projects Overview'!$G$2:$G$5021="Risk Release")*('Projects Overview'!AV$2:AV$5021))} -> 0 | BE13: O&R PRESSURE CONTROL RISK RELEASE | BF13: =SUM(AQ50:AT50)/1000 -> 0 | BG13: =SUM(AU50:AX50)/1000 -> 0 | BH13: =SUM(AY50:BB50)/1000 -> 0
C14: Forecast | D14: 0 | E14: 0 | F14: 0 | G14: 0 | H14: 0 | I14: {=SUMPRODUCT(('Projects Overview'!$B$2:$B$5021="BOP Annular")*('Projects Overview'!$G$2:$G$5021="Forecast")*('Projects Overview'!R$2:R$5021))} -> 0 | J14: {=SUMPRODUCT(('Projects Overview'!$B$2:$B$5021="BOP Annular")*('Projects Overview'!$G$2:$G$5021="Forecast")*('Projects Overview'!S$2:S$5021))} -> 0 | K14: {=SUMPRODUCT(('Projects Overview'!$B$2:$B$5021="BOP Annular")*('Projects Overview'!$G$2:$G$5021="Forecast")*('Projects Overview'!T$2:T$5021))} -> 0 | L14: {=SUMPRODUCT(('Projects Overview'!$B$2:$B$5021="BOP Annular")*('Projects Overview'!$G$2:$G$5021="Forecast")*('Projects Overview'!U$2:U$5021))} -> 0 | M14: {=SUMPRODUCT(('Projects Overview'!$B$2:$B$5021="BOP Annular")*('Projects Overview'!$G$2:$G$5021="Forecast")*('Projects Overview'!V$2:V$5021))} -> 0 | N14: {=SUMPRODUCT(('Projects Overview'!$B$2:$B$5021="BOP Annular")*('Projects Overview'!$G$2:$G$5021="Forecast")*('Projects Overview'!W$2:W$5021))} -> 0 | O14: {=SUMPRODUCT(('Projects Overview'!$B$2:$B$5021="BOP Annular")*('Projects Overview'!$G$2:$G$5021="Forecast")*('Projects Overview'!X$2:X$5021))} -> 0 | P14: {=SUMPRODUCT(('Projects Overview'!$B$2:$B$5021="BOP Annular")*('Projects Overview'!$G$2:$G$5021="Forecast")*('Projects Overview'!Y$2:Y$5021))} -> 0 | ... AM14: {=SUMPRODUCT(('Projects Overview'!$B$2:$B$5021="BOP Annular")*('Projects Overview'!$G$2:$G$5021="Forecast")*('Projects Overview'!AV$2:AV$5021))} -> 0 | BE14: O&R PRESSURE CONTROL FCST | BF14: =SUM(AQ53:AT53)/1000 -> 0 | BG14: =SUM(AU53:AX53)/1000 -> 12.124 | BH14: =SUM(AY53:BB53)/1000 -> 2.5
B15: Annular Piston | C15: Firm | D15: 424.16667 | E15: 256.66667 | F15: 256.66667 | G15: 256.66667 | H15: 0 | I15: {=SUMPRODUCT(('Projects Overview'!$B$2:$B$5021="Annular Piston")*('Projects Overview'!$G$2:$G$5021="Firm")*('Projects Overview'!R$2:R$5021))} -> 0 | J15: {=SUMPRODUCT(('Projects Overview'!$B$2:$B$5021="Annular Piston")*('Projects Overview'!$G$2:$G$5021="Firm")*('Projects Overview'!S$2:S$5021))} -> 0 | K15: {=SUMPRODUCT(('Projects Overview'!$B$2:$B$5021="Annular Piston")*('Projects Overview'!$G$2:$G$5021="Firm")*('Projects Overview'!T$2:T$5021))} -> 0 | L15: {=SUMPRODUCT(('Projects Overview'!$B$2:$B$5021="Annular Piston")*('Projects Overview'!$G$2:$G$5021="Firm")*('Projects Overview'!U$2:U$5021))} -> 0 | M15: {=SUMPRODUCT(('Projects Overview'!$B$2:$B$5021="Annular Piston")*('Projects Overview'!$G$2:$G$5021="Firm")*('Projects Overview'!V$2:V$5021))} -> 0 | N15: {=SUMPRODUCT(('Projects Overview'!$B$2:$B$5021="Annular Piston")*('Projects Overview'!$G$2:$G$5021="Firm")*('Projects Overview'!W$2:W$5021))} -> 0 | O15: {=SUMPRODUCT(('Projects Overview'!$B$2:$B$5021="Annular Piston")*('Projects Overview'!$G$2:$G$5021="Firm")*('Projects Overview'!X$2:X$5021))} -> 0 | P15: {=SUMPRODUCT(('Projects Overview'!$B$2:$B$5021="Annular Piston")*('Projects Overview'!$G$2:$G$5021="Firm")*('Projects Overview'!Y$2:Y$5021))} -> 0 | ... AM15: {=SUMPRODUCT(('Projects Overview'!$B$2:$B$5021="Annular Piston")*('Projects Overview'!$G$2:$G$5021="Firm")*('Projects Overview'!AV$2:AV$5021))} -> 0 | BE15: O&R PRESSURE CONTROL TOTAL Hrs. | BF15: =SUM(BF12:BF14) -> 29.46039 | BG15: =SUM(BG12:BG14) -> 16.832 | BH15: =SUM(BH12:BH14) -> 2.5
C16: Risk Release | D16: 0 | E16: 0 | F16: 0 | G16: 0 | H16: 0 | I16: {=SUMPRODUCT(('Projects Overview'!$B$2:$B$5021="Annular Piston")*('Projects Overview'!$G$2:$G$5021="Risk Release")*('Projects Overview'!R$2:R$5021))} -> 0 | J16: {=SUMPRODUCT(('Projects Overview'!$B$2:$B$5021="Annular Piston")*('Projects Overview'!$G$2:$G$5021="Risk Release")*('Projects Overview'!S$2:S$5021))} -> 0 | K16: {=SUMPRODUCT(('Projects Overview'!$B$2:$B$5021="Annular Piston")*('Projects Overview'!$G$2:$G$5021="Risk Release")*('Projects Overview'!T$2:T$5021))} -> 0 | L16: {=SUMPRODUCT(('Projects Overview'!$B$2:$B$5021="Annular Piston")*('Projects Overview'!$G$2:$G$5021="Risk Release")*('Projects Overview'!U$2:U$5021))} -> 0 | M16: {=SUMPRODUCT(('Projects Overview'!$B$2:$B$5021="Annular Piston")*('Projects Overview'!$G$2:$G$5021="Risk Release")*('Projects Overview'!V$2:V$5021))} -> 0 | N16: {=SUMPRODUCT(('Projects Overview'!$B$2:$B$5021="Annular Piston")*('Projects Overview'!$G$2:$G$5021="Risk Release")*('Projects Overview'!W$2:W$5021))} -> 0 | O16: {=SUMPRODUCT(('Projects Overview'!$B$2:$B$5021="Annular Piston")*('Projects Overview'!$G$2:$G$5021="Risk Release")*('Projects Overview'!X$2:X$5021))} -> 0 | P16: {=SUMPRODUCT(('Projects Overview'!$B$2:$B$5021="Annular Piston")*('Projects Overview'!$G$2:$G$5021="Risk Release")*('Projects Overview'!Y$2:Y$5021))} -> 0 | ... AM16: {=SUMPRODUCT(('Projects Overview'!$B$2:$B$5021="Annular Piston")*('Projects Overview'!$G$2:$G$5021="Risk Release")*('Projects Overview'!AV$2:AV$5021))} -> 0 | BE16: OTHERS FIRM | BF16: =SUM(AQ47:AT47)/1000 -> 8.074 | BG16: =SUM(AU47:AX47)/1000 -> 1.4 | BH16: =SUM(AY47:BB47)/1000 -> 0
C17: Forecast | D17: 0 | E17: 0 | F17: 0 | G17: 0 | H17: 0 | I17: {=SUMPRODUCT(('Projects Overview'!$B$2:$B$5021="Annular Piston")*('Projects Overview'!$G$2:$G$5021="Forecast")*('Projects Overview'!R$2:R$5021))} -> 0 | J17: {=SUMPRODUCT(('Projects Overview'!$B$2:$B$5021="Annular Piston")*('Projects Overview'!$G$2:$G$5021="Forecast")*('Projects Overview'!S$2:S$5021))} -> 0 | K17: {=SUMPRODUCT(('Projects Overview'!$B$2:$B$5021="Annular Piston")*('Projects Overview'!$G$2:$G$5021="Forecast")*('Projects Overview'!T$2:T$5021))} -> 0 | L17: {=SUMPRODUCT(('Projects Overview'!$B$2:$B$5021="Annular Piston")*('Projects Overview'!$G$2:$G$5021="Forecast")*('Projects Overview'!U$2:U$5021))} -> 0 | M17: {=SUMPRODUCT(('Projects Overview'!$B$2:$B$5021="Annular Piston")*('Projects Overview'!$G$2:$G$5021="Forecast")*('Projects Overview'!V$2:V$5021))} -> 0 | N17: {=SUMPRODUCT(('Projects Overview'!$B$2:$B$5021="Annular Piston")*('Projects Overview'!$G$2:$G$5021="Forecast")*('Projects Overview'!W$2:W$5021))} -> 0 | O17: {=SUMPRODUCT(('Projects Overview'!$B$2:$B$5021="Annular Piston")*('Projects Overview'!$G$2:$G$5021="Forecast")*('Projects Overview'!X$2:X$5021))} -> 0 | P17: {=SUMPRODUCT(('Projects Overview'!$B$2:$B$5021="Annular Piston")*('Projects Overview'!$G$2:$G$5021="Forecast")*('Projects Overview'!Y$2:Y$5021))} -> 0 | ... AM17: {=SUMPRODUCT(('Projects Overview'!$B$2:$B$5021="Annular Piston")*('Projects Overview'!$G$2:$G$5021="Forecast")*('Projects Overview'!AV$2:AV$5021))} -> 0 | BE17: O&R OTHERS RISK RELEASE | BF17: =SUM(AQ51:AT51)/1000 -> 0 | BG17: =SUM(AU51:AX51)/1000 -> 0 | BH17: =SUM(AY51:BB51)/1000 -> 0
B18: Male Stab | C18: Firm | D18: 0 | E18: 0 | F18: 0 | G18: 0 | H18: 0 | I18: {=SUMPRODUCT(('Projects Overview'!$B$2:$B$5021="Male Stab")*('Projects Overview'!$G$2:$G$5021="Firm")*('Projects Overview'!R$2:R$5021))} -> 0 | J18: {=SUMPRODUCT(('Projects Overview'!$B$2:$B$5021="Male Stab")*('Projects Overview'!$G$2:$G$5021="Firm")*('Projects Overview'!S$2:S$5021))} -> 0 | K18: {=SUMPRODUCT(('Projects Overview'!$B$2:$B$5021="Male Stab")*('Projects Overview'!$G$2:$G$5021="Firm")*('Projects Overview'!T$2:T$5021))} -> 0 | L18: {=SUMPRODUCT(('Projects Overview'!$B$2:$B$5021="Male Stab")*('Projects Overview'!$G$2:$G$5021="Firm")*('Projects Overview'!U$2:U$5021))} -> 0 | M18: {=SUMPRODUCT(('Projects Overview'!$B$2:$B$5021="Male Stab")*('Projects Overview'!$G$2:$G$5021="Firm")*('Projects Overview'!V$2:V$5021))} -> 0 | N18: {=SUMPRODUCT(('Projects Overview'!$B$2:$B$5021="Male Stab")*('Projects Overview'!$G$2:$G$5021="Firm")*('Projects Overview'!W$2:W$5021))} -> 0 | O18: {=SUMPRODUCT(('Projects Overview'!$B$2:$B$5021="Male Stab")*('Projects Overview'!$G$2:$G$5021="Firm")*('Projects Overview'!X$2:X$5021))} -> 0 | P18: {=SUMPRODUCT(('Projects Overview'!$B$2:$B$5021="Male Stab")*('Projects Overview'!$G$2:$G$5021="Firm")*('Projects Overview'!Y$2:Y$5021))} -> 0 | ... AM18: {=SUMPRODUCT(('Projects Overview'!$B$2:$B$5021="Male Stab")*('Projects Overview'!$G$2:$G$5021="Firm")*('Projects Overview'!AV$2:AV$5021))} -> 0 | BE18: OTHERS FCST | BF18: =SUM(AQ55:AT55)/1000 -> 0 | BG18: =SUM(AU55:AX55)/1000 -> 6.19 | BH18: =SUM(AY55:BB55)/1000 -> 0
C19: Risk Release | D19: 0 | E19: 0 | F19: 0 | G19: 0 | H19: 0 | I19: {=SUMPRODUCT(('Projects Overview'!$B$2:$B$5021="Male Stab")*('Projects Overview'!$G$2:$G$5021="Risk Release")*('Projects Overview'!R$2:R$5021))} -> 0 | J19: {=SUMPRODUCT(('Projects Overview'!$B$2:$B$5021="Male Stab")*('Projects Overview'!$G$2:$G$5021="Risk Release")*('Projects Overview'!S$2:S$5021))} -> 0 | K19: {=SUMPRODUCT(('Projects Overview'!$B$2:$B$5021="Male Stab")*('Projects Overview'!$G$2:$G$5021="Risk Release")*('Projects Overview'!T$2:T$5021))} -> 0 | L19: {=SUMPRODUCT(('Projects Overview'!$B$2:$B$5021="Male Stab")*('Projects Overview'!$G$2:$G$5021="Risk Release")*('Projects Overview'!U$2:U$5021))} -> 0 | M19: {=SUMPRODUCT(('Projects Overview'!$B$2:$B$5021="Male Stab")*('Projects Overview'!$G$2:$G$5021="Risk Release")*('Projects Overview'!V$2:V$5021))} -> 0 | N19: {=SUMPRODUCT(('Projects Overview'!$B$2:$B$5021="Male Stab")*('Projects Overview'!$G$2:$G$5021="Risk Release")*('Projects Overview'!W$2:W$5021))} -> 0 | O19: {=SUMPRODUCT(('Projects Overview'!$B$2:$B$5021="Male Stab")*('Projects Overview'!$G$2:$G$5021="Risk Release")*('Projects Overview'!X$2:X$5021))} -> 0 | P19: {=SUMPRODUCT(('Projects Overview'!$B$2:$B$5021="Male Stab")*('Projects Overview'!$G$2:$G$5021="Risk Release")*('Projects Overview'!Y$2:Y$5021))} -> 0 | ... AM19: {=SUMPRODUCT(('Projects Overview'!$B$2:$B$5021="Male Stab")*('Projects Overview'!$G$2:$G$5021="Risk Release")*('Projects Overview'!AV$2:AV$5021))} -> 0 | BE19: OTHERS TOTAL Hrs. | BF19: =SUM(BF16:BF18) -> 8.074 | BG19: =SUM(BG16:BG18) -> 7.59 | BH19: =SUM(BH16:BH18) -> 0
C20: Forecast | D20: 0 | E20: 0 | F20: 0 | G20: 0 | H20: 0 | I20: {=SUMPRODUCT(('Projects Overview'!$B$2:$B$5021="Male Stab")*('Projects Overview'!$G$2:$G$5021="Forecast")*('Projects Overview'!R$2:R$5021))} -> 0 | J20: {=SUMPRODUCT(('Projects Overview'!$B$2:$B$5021="Male Stab")*('Projects Overview'!$G$2:$G$5021="Forecast")*('Projects Overview'!S$2:S$5021))} -> 0 | K20: {=SUMPRODUCT(('Projects Overview'!$B$2:$B$5021="Male Stab")*('Projects Overview'!$G$2:$G$5021="Forecast")*('Projects Overview'!T$2:T$5021))} -> 0 | L20: {=SUMPRODUCT(('Projects Overview'!$B$2:$B$5021="Male Stab")*('Projects Overview'!$G$2:$G$5021="Forecast")*('Projects Overview'!U$2:U$5021))} -> 0 | M20: {=SUMPRODUCT(('Projects Overview'!$B$2:$B$5021="Male Stab")*('Projects Overview'!$G$2:$G$5021="Forecast")*('Projects Overview'!V$2:V$5021))} -> 0 | N20: {=SUMPRODUCT(('Projects Overview'!$B$2:$B$5021="Male Stab")*('Projects Overview'!$G$2:$G$5021="Forecast")*('Projects Overview'!W$2:W$5021))} -> 0 | O20: {=SUMPRODUCT(('Projects Overview'!$B$2:$B$5021="Male Stab")*('Projects Overview'!$G$2:$G$5021="Forecast")*('Projects Overview'!X$2:X$5021))} -> 0 | P20: {=SUMPRODUCT(('Projects Overview'!$B$2:$B$5021="Male Stab")*('Projects Overview'!$G$2:$G$5021="Forecast")*('Projects Overview'!Y$2:Y$5021))} -> 0 | ... AM20: {=SUMPRODUCT(('Projects Overview'!$B$2:$B$5021="Male Stab")*('Projects Overview'!$G$2:$G$5021="Forecast")*('Projects Overview'!AV$2:AV$5021))} -> 0 | BE20: TOTAL Hrs. | BF20: =(BF7+BF11+BF15+BF19) -> 144.42825 | BG20: =(BG7+BG11+BG15+BG19) -> 124.9596 | BH20: =(BH7+BH11+BH15+BH19) -> 42.663467
B21: Female Stab | C21: Firm | D21: 0 | E21: 0 | F21: 0 | G21: 124.5 | H21: 0 | I21: {=SUMPRODUCT(('Projects Overview'!$B$2:$B$5021="Female Stab")*('Projects Overview'!$G$2:$G$5021="Firm")*('Projects Overview'!R$2:R$5021))} -> 564.5 | J21: {=SUMPRODUCT(('Projects Overview'!$B$2:$B$5021="Female Stab")*('Projects Overview'!$G$2:$G$5021="Firm")*('Projects Overview'!S$2:S$5021))} -> 0 | K21: {=SUMPRODUCT(('Projects Overview'!$B$2:$B$5021="Female Stab")*('Projects Overview'!$G$2:$G$5021="Firm")*('Projects Overview'!T$2:T$5021))} -> 0 | L21: {=SUMPRODUCT(('Projects Overview'!$B$2:$B$5021="Female Stab")*('Projects Overview'!$G$2:$G$5021="Firm")*('Projects Overview'!U$2:U$5021))} -> 360 | M21: {=SUMPRODUCT(('Projects Overview'!$B$2:$B$5021="Female Stab")*('Projects Overview'!$G$2:$G$5021="Firm")*('Projects Overview'!V$2:V$5021))} -> 360 | N21: {=SUMPRODUCT(('Projects Overview'!$B$2:$B$5021="Female Stab")*('Projects Overview'!$G$2:$G$5021="Firm")*('Projects Overview'!W$2:W$5021))} -> 200 | O21: {=SUMPRODUCT(('Projects Overview'!$B$2:$B$5021="Female Stab")*('Projects Overview'!$G$2:$G$5021="Firm")*('Projects Overview'!X$2:X$5021))} -> 160 | P21: {=SUMPRODUCT(('Projects Overview'!$B$2:$B$5021="Female Stab")*('Projects Overview'!$G$2:$G$5021="Firm")*('Projects Overview'!Y$2:Y$5021))} -> 150 | ... AM21: {=SUMPRODUCT(('Projects Overview'!$B$2:$B$5021="Female Stab")*('Projects Overview'!$G$2:$G$5021="Firm")*('Projects Overview'!AV$2:AV$5021))} -> 0
C22: Risk Release | D22: 0 | E22: 0 | F22: 0 | G22: 0 | H22: 0 | I22: {=SUMPRODUCT(('Projects Overview'!$B$2:$B$5021="Female Stab")*('Projects Overview'!$G$2:$G$5021="Risk Release")*('Projects Overview'!R$2:R$5021))} -> 0 | J22: {=SUMPRODUCT(('Projects Overview'!$B$2:$B$5021="Female Stab")*('Projects Overview'!$G$2:$G$5021="Risk Release")*('Projects Overview'!S$2:S$5021))} -> 0 | K22: {=SUMPRODUCT(('Projects Overview'!$B$2:$B$5021="Female Stab")*('Projects Overview'!$G$2:$G$5021="Risk Release")*('Projects Overview'!T$2:T$5021))} -> 0 | L22: {=SUMPRODUCT(('Projects Overview'!$B$2:$B$5021="Female Stab")*('Projects Overview'!$G$2:$G$5021="Risk Release")*('Projects Overview'!U$2:U$5021))} -> 0 | M22: {=SUMPRODUCT(('Projects Overview'!$B$2:$B$5021="Female Stab")*('Projects Overview'!$G$2:$G$5021="Risk Release")*('Projects Overview'!V$2:V$5021))} -> 0 | N22: {=SUMPRODUCT(('Projects Overview'!$B$2:$B$5021="Female Stab")*('Projects Overview'!$G$2:$G$5021="Risk Release")*('Projects Overview'!W$2:W$5021))} -> 0 | O22: {=SUMPRODUCT(('Projects Overview'!$B$2:$B$5021="Female Stab")*('Projects Overview'!$G$2:$G$5021="Risk Release")*('Projects Overview'!X$2:X$5021))} -> 0 | P22: {=SUMPRODUCT(('Projects Overview'!$B$2:$B$5021="Female Stab")*('Projects Overview'!$G$2:$G$5021="Risk Release")*('Projects Overview'!Y$2:Y$5021))} -> 0 | ... AM22: {=SUMPRODUCT(('Projects Overview'!$B$2:$B$5021="Female Stab")*('Projects Overview'!$G$2:$G$5021="Risk Release")*('Projects Overview'!AV$2:AV$5021))} -> 0 | BE22: Current Workshop Capacity per quarter | BF22: Headcount | BG22: Total Hours
C23: Forecast | D23: 0 | E23: 0 | F23: 0 | G23: 0 | H23: 0 | I23: {=SUMPRODUCT(('Projects Overview'!$B$2:$B$5021="Female Stab")*('Projects Overview'!$G$2:$G$5021="Forecast")*('Projects Overview'!R$2:R$5021))} -> 0 | J23: {=SUMPRODUCT(('Projects Overview'!$B$2:$B$5021="Female Stab")*('Projects Overview'!$G$2:$G$5021="Forecast")*('Projects Overview'!S$2:S$5021))} -> 0 | K23: {=SUMPRODUCT(('Projects Overview'!$B$2:$B$5021="Female Stab")*('Projects Overview'!$G$2:$G$5021="Forecast")*('Projects Overview'!T$2:T$5021))} -> 0 | L23: {=SUMPRODUCT(('Projects Overview'!$B$2:$B$5021="Female Stab")*('Projects Overview'!$G$2:$G$5021="Forecast")*('Projects Overview'!U$2:U$5021))} -> 0 | M23: {=SUMPRODUCT(('Projects Overview'!$B$2:$B$5021="Female Stab")*('Projects Overview'!$G$2:$G$5021="Forecast")*('Projects Overview'!V$2:V$5021))} -> 0 | N23: {=SUMPRODUCT(('Projects Overview'!$B$2:$B$5021="Female Stab")*('Projects Overview'!$G$2:$G$5021="Forecast")*('Projects Overview'!W$2:W$5021))} -> 0 | O23: {=SUMPRODUCT(('Projects Overview'!$B$2:$B$5021="Female Stab")*('Projects Overview'!$G$2:$G$5021="Forecast")*('Projects Overview'!X$2:X$5021))} -> 0 | P23: {=SUMPRODUCT(('Projects Overview'!$B$2:$B$5021="Female Stab")*('Projects Overview'!$G$2:$G$5021="Forecast")*('Projects Overview'!Y$2:Y$5021))} -> 0 | ... AM23: {=SUMPRODUCT(('Projects Overview'!$B$2:$B$5021="Female Stab")*('Projects Overview'!$G$2:$G$5021="Forecast")*('Projects Overview'!AV$2:AV$5021))} -> 0 | BE23: HMH Operational Employees | BF23: =AU59 -> 55 | BG23: =AU56 -> 19630.6
B24: Test Stump | C24: Firm | D24: 0 | E24: 0 | F24: 0 | G24: 0 | H24: 0 | I24: {=SUMPRODUCT(('Projects Overview'!$B$2:$B$5021="Test Stump")*('Projects Overview'!$G$2:$G$5021="Firm")*('Projects Overview'!R$2:R$5021))} -> 0 | J24: {=SUMPRODUCT(('Projects Overview'!$B$2:$B$5021="Test Stump")*('Projects Overview'!$G$2:$G$5021="Firm")*('Projects Overview'!S$2:S$5021))} -> 0 | K24: {=SUMPRODUCT(('Projects Overview'!$B$2:$B$5021="Test Stump")*('Projects Overview'!$G$2:$G$5021="Firm")*('Projects Overview'!T$2:T$5021))} -> 0 | L24: {=SUMPRODUCT(('Projects Overview'!$B$2:$B$5021="Test Stump")*('Projects Overview'!$G$2:$G$5021="Firm")*('Projects Overview'!U$2:U$5021))} -> 0 | M24: {=SUMPRODUCT(('Projects Overview'!$B$2:$B$5021="Test Stump")*('Projects Overview'!$G$2:$G$5021="Firm")*('Projects Overview'!V$2:V$5021))} -> 0 | N24: {=SUMPRODUCT(('Projects Overview'!$B$2:$B$5021="Test Stump")*('Projects Overview'!$G$2:$G$5021="Firm")*('Projects Overview'!W$2:W$5021))} -> 0 | O24: {=SUMPRODUCT(('Projects Overview'!$B$2:$B$5021="Test Stump")*('Projects Overview'!$G$2:$G$5021="Firm")*('Projects Overview'!X$2:X$5021))} -> 0 | P24: {=SUMPRODUCT(('Projects Overview'!$B$2:$B$5021="Test Stump")*('Projects Overview'!$G$2:$G$5021="Firm")*('Projects Overview'!Y$2:Y$5021))} -> 0 | ... AM24: {=SUMPRODUCT(('Projects Overview'!$B$2:$B$5021="Test Stump")*('Projects Overview'!$G$2:$G$5021="Firm")*('Projects Overview'!AV$2:AV$5021))} -> 0 | BE24: Sub Contractors | BF24: 44 | BG24: =AU57-AU56 -> 17505.693
C25: Risk Release | D25: 0 | E25: 0 | F25: 0 | G25: 0 | H25: 0 | I25: {=SUMPRODUCT(('Projects Overview'!$B$2:$B$5021="Test Stump")*('Projects Overview'!$G$2:$G$5021="Risk Release")*('Projects Overview'!R$2:R$5021))} -> 0 | J25: {=SUMPRODUCT(('Projects Overview'!$B$2:$B$5021="Test Stump")*('Projects Overview'!$G$2:$G$5021="Risk Release")*('Projects Overview'!S$2:S$5021))} -> 0 | K25: {=SUMPRODUCT(('Projects Overview'!$B$2:$B$5021="Test Stump")*('Projects Overview'!$G$2:$G$5021="Risk Release")*('Projects Overview'!T$2:T$5021))} -> 0 | L25: {=SUMPRODUCT(('Projects Overview'!$B$2:$B$5021="Test Stump")*('Projects Overview'!$G$2:$G$5021="Risk Release")*('Projects Overview'!U$2:U$5021))} -> 0 | M25: {=SUMPRODUCT(('Projects Overview'!$B$2:$B$5021="Test Stump")*('Projects Overview'!$G$2:$G$5021="Risk Release")*('Projects Overview'!V$2:V$5021))} -> 0 | N25: {=SUMPRODUCT(('Projects Overview'!$B$2:$B$5021="Test Stump")*('Projects Overview'!$G$2:$G$5021="Risk Release")*('Projects Overview'!W$2:W$5021))} -> 0 | O25: {=SUMPRODUCT(('Projects Overview'!$B$2:$B$5021="Test Stump")*('Projects Overview'!$G$2:$G$5021="Risk Release")*('Projects Overview'!X$2:X$5021))} -> 0 | P25: {=SUMPRODUCT(('Projects Overview'!$B$2:$B$5021="Test Stump")*('Projects Overview'!$G$2:$G$5021="Risk Release")*('Projects Overview'!Y$2:Y$5021))} -> 0 | ... AM25: {=SUMPRODUCT(('Projects Overview'!$B$2:$B$5021="Test Stump")*('Projects Overview'!$G$2:$G$5021="Risk Release")*('Projects Overview'!AV$2:AV$5021))} -> 0 | BE25: Total Employees | BF25: =SUM(BF23:BF24) -> 99 | BG25: =SUM(BG23:BG24) -> 37136.293
C26: Forecast | D26: 0 | E26: 0 | F26: 0 | G26: 0 | H26: 0 | I26: {=SUMPRODUCT(('Projects Overview'!$B$2:$B$5021="Test Stump")*('Projects Overview'!$G$2:$G$5021="Forecast")*('Projects Overview'!R$2:R$5021))} -> 0 | J26: {=SUMPRODUCT(('Projects Overview'!$B$2:$B$5021="Test Stump")*('Projects Overview'!$G$2:$G$5021="Forecast")*('Projects Overview'!S$2:S$5021))} -> 0 | K26: {=SUMPRODUCT(('Projects Overview'!$B$2:$B$5021="Test Stump")*('Projects Overview'!$G$2:$G$5021="Forecast")*('Projects Overview'!T$2:T$5021))} -> 0 | L26: {=SUMPRODUCT(('Projects Overview'!$B$2:$B$5021="Test Stump")*('Projects Overview'!$G$2:$G$5021="Forecast")*('Projects Overview'!U$2:U$5021))} -> 0 | M26: {=SUMPRODUCT(('Projects Overview'!$B$2:$B$5021="Test Stump")*('Projects Overview'!$G$2:$G$5021="Forecast")*('Projects Overview'!V$2:V$5021))} -> 0 | N26: {=SUMPRODUCT(('Projects Overview'!$B$2:$B$5021="Test Stump")*('Projects Overview'!$G$2:$G$5021="Forecast")*('Projects Overview'!W$2:W$5021))} -> 0 | O26: {=SUMPRODUCT(('Projects Overview'!$B$2:$B$5021="Test Stump")*('Projects Overview'!$G$2:$G$5021="Forecast")*('Projects Overview'!X$2:X$5021))} -> 0 | P26: {=SUMPRODUCT(('Projects Overview'!$B$2:$B$5021="Test Stump")*('Projects Overview'!$G$2:$G$5021="Forecast")*('Projects Overview'!Y$2:Y$5021))} -> 0 | ... AM26: {=SUMPRODUCT(('Projects Overview'!$B$2:$B$5021="Test Stump")*('Projects Overview'!$G$2:$G$5021="Forecast")*('Projects Overview'!AV$2:AV$5021))} -> 0
B27: Diverter | C27: Firm | D27: 308 | E27: 0 | F27: 0 | G27: 0 | H27: 0 | I27: {=SUMPRODUCT(('Projects Overview'!$B$2:$B$5021="Diverter")*('Projects Overview'!$G$2:$G$5021="Firm")*('Projects Overview'!R$2:R$5021))} -> 0 | J27: {=SUMPRODUCT(('Projects Overview'!$B$2:$B$5021="Diverter")*('Projects Overview'!$G$2:$G$5021="Firm")*('Projects Overview'!S$2:S$5021))} -> 0 | K27: {=SUMPRODUCT(('Projects Overview'!$B$2:$B$5021="Diverter")*('Projects Overview'!$G$2:$G$5021="Firm")*('Projects Overview'!T$2:T$5021))} -> 0 | L27: {=SUMPRODUCT(('Projects Overview'!$B$2:$B$5021="Diverter")*('Projects Overview'!$G$2:$G$5021="Firm")*('Projects Overview'!U$2:U$5021))} -> 0 | M27: {=SUMPRODUCT(('Projects Overview'!$B$2:$B$5021="Diverter")*('Projects Overview'!$G$2:$G$5021="Firm")*('Projects Overview'!V$2:V$5021))} -> 0 | N27: {=SUMPRODUCT(('Projects Overview'!$B$2:$B$5021="Diverter")*('Projects Overview'!$G$2:$G$5021="Firm")*('Projects Overview'!W$2:W$5021))} -> 0 | O27: {=SUMPRODUCT(('Projects Overview'!$B$2:$B$5021="Diverter")*('Projects Overview'!$G$2:$G$5021="Firm")*('Projects Overview'!X$2:X$5021))} -> 0 | P27: {=SUMPRODUCT(('Projects Overview'!$B$2:$B$5021="Diverter")*('Projects Overview'!$G$2:$G$5021="Firm")*('Projects Overview'!Y$2:Y$5021))} -> 0 | ... AM27: {=SUMPRODUCT(('Projects Overview'!$B$2:$B$5021="Diverter")*('Projects Overview'!$G$2:$G$5021="Firm")*('Projects Overview'!AV$2:AV$5021))} -> 0
C28: Risk Release | D28: 0 | E28: 0 | F28: 0 | G28: 0 | H28: 0 | I28: {=SUMPRODUCT(('Projects Overview'!$B$2:$B$5021="Diverter")*('Projects Overview'!$G$2:$G$5021="Risk Release")*('Projects Overview'!R$2:R$5021))} -> 0 | J28: {=SUMPRODUCT(('Projects Overview'!$B$2:$B$5021="Diverter")*('Projects Overview'!$G$2:$G$5021="Risk Release")*('Projects Overview'!S$2:S$5021))} -> 0 | K28: {=SUMPRODUCT(('Projects Overview'!$B$2:$B$5021="Diverter")*('Projects Overview'!$G$2:$G$5021="Risk Release")*('Projects Overview'!T$2:T$5021))} -> 0 | L28: {=SUMPRODUCT(('Projects Overview'!$B$2:$B$5021="Diverter")*('Projects Overview'!$G$2:$G$5021="Risk Release")*('Projects Overview'!U$2:U$5021))} -> 0 | M28: {=SUMPRODUCT(('Projects Overview'!$B$2:$B$5021="Diverter")*('Projects Overview'!$G$2:$G$5021="Risk Release")*('Projects Overview'!V$2:V$5021))} -> 0 | N28: {=SUMPRODUCT(('Projects Overview'!$B$2:$B$5021="Diverter")*('Projects Overview'!$G$2:$G$5021="Risk Release")*('Projects Overview'!W$2:W$5021))} -> 0 | O28: {=SUMPRODUCT(('Projects Overview'!$B$2:$B$5021="Diverter")*('Projects Overview'!$G$2:$G$5021="Risk Release")*('Projects Overview'!X$2:X$5021))} -> 0 | P28: {=SUMPRODUCT(('Projects Overview'!$B$2:$B$5021="Diverter")*('Projects Overview'!$G$2:$G$5021="Risk Release")*('Projects Overview'!Y$2:Y$5021))} -> 0 | ... AM28: {=SUMPRODUCT(('Projects Overview'!$B$2:$B$5021="Diverter")*('Projects Overview'!$G$2:$G$5021="Risk Release")*('Projects Overview'!AV$2:AV$5021))} -> 0
C29: Forecast | D29: 0 | E29: 0 | F29: 0 | G29: 0 | H29: 0 | I29: {=SUMPRODUCT(('Projects Overview'!$B$2:$B$5021="Diverter")*('Projects Overview'!$G$2:$G$5021="Forecast")*('Projects Overview'!R$2:R$5021))} -> 0 | J29: {=SUMPRODUCT(('Projects Overview'!$B$2:$B$5021="Diverter")*('Projects Overview'!$G$2:$G$5021="Forecast")*('Projects Overview'!S$2:S$5021))} -> 0 | K29: {=SUMPRODUCT(('Projects Overview'!$B$2:$B$5021="Diverter")*('Projects Overview'!$G$2:$G$5021="Forecast")*('Projects Overview'!T$2:T$5021))} -> 0 | L29: {=SUMPRODUCT(('Projects Overview'!$B$2:$B$5021="Diverter")*('Projects Overview'!$G$2:$G$5021="Forecast")*('Projects Overview'!U$2:U$5021))} -> 0 | M29: {=SUMPRODUCT(('Projects Overview'!$B$2:$B$5021="Diverter")*('Projects Overview'!$G$2:$G$5021="Forecast")*('Projects Overview'!V$2:V$5021))} -> 0 | N29: {=SUMPRODUCT(('Projects Overview'!$B$2:$B$5021="Diverter")*('Projects Overview'!$G$2:$G$5021="Forecast")*('Projects Overview'!W$2:W$5021))} -> 0 | O29: {=SUMPRODUCT(('Projects Overview'!$B$2:$B$5021="Diverter")*('Projects Overview'!$G$2:$G$5021="Forecast")*('Projects Overview'!X$2:X$5021))} -> 0 | P29: {=SUMPRODUCT(('Projects Overview'!$B$2:$B$5021="Diverter")*('Projects Overview'!$G$2:$G$5021="Forecast")*('Projects Overview'!Y$2:Y$5021))} -> 0 | ... AM29: {=SUMPRODUCT(('Projects Overview'!$B$2:$B$5021="Diverter")*('Projects Overview'!$G$2:$G$5021="Forecast")*('Projects Overview'!AV$2:AV$5021))} -> 0
B30: Ram Block | C30: Firm | D30: 308.8 | E30: 608.8 | F30: 994.8 | G30: 994.8 | H30: 837.8 | I30: {=SUMPRODUCT(('Projects Overview'!$B$2:$B$5021="Ram Block")*('Projects Overview'!$G$2:$G$5021="Firm")*('Projects Overview'!R$2:R$5021))} -> 722 | J30: {=SUMPRODUCT(('Projects Overview'!$B$2:$B$5021="Ram Block")*('Projects Overview'!$G$2:$G$5021="Firm")*('Projects Overview'!S$2:S$5021))} -> 800 | K30: {=SUMPRODUCT(('Projects Overview'!$B$2:$B$5021="Ram Block")*('Projects Overview'!$G$2:$G$5021="Firm")*('Projects Overview'!T$2:T$5021))} -> 534 | L30: {=SUMPRODUCT(('Projects Overview'!$B$2:$B$5021="Ram Block")*('Projects Overview'!$G$2:$G$5021="Firm")*('Projects Overview'!U$2:U$5021))} -> 356 | M30: {=SUMPRODUCT(('Projects Overview'!$B$2:$B$5021="Ram Block")*('Projects Overview'!$G$2:$G$5021="Firm")*('Projects Overview'!V$2:V$5021))} -> 470 | N30: {=SUMPRODUCT(('Projects Overview'!$B$2:$B$5021="Ram Block")*('Projects Overview'!$G$2:$G$5021="Firm")*('Projects Overview'!W$2:W$5021))} -> 260 | O30: {=SUMPRODUCT(('Projects Overview'!$B$2:$B$5021="Ram Block")*('Projects Overview'!$G$2:$G$5021="Firm")*('Projects Overview'!X$2:X$5021))} -> 0 | P30: {=SUMPRODUCT(('Projects Overview'!$B$2:$B$5021="Ram Block")*('Projects Overview'!$G$2:$G$5021="Firm")*('Projects Overview'!Y$2:Y$5021))} -> 0 | ... AM30: {=SUMPRODUCT(('Projects Overview'!$B$2:$B$5021="Ram Block")*('Projects Overview'!$G$2:$G$5021="Firm")*('Projects Overview'!AV$2:AV$5021))} -> 0
C31: Risk Release | D31: 0 | E31: 0 | F31: 0 | G31: 0 | H31: 0 | I31: {=SUMPRODUCT(('Projects Overview'!$B$2:$B$5021="Ram Block")*('Projects Overview'!$G$2:$G$5021="Risk Release")*('Projects Overview'!R$2:R$5021))} -> 0 | J31: {=SUMPRODUCT(('Projects Overview'!$B$2:$B$5021="Ram Block")*('Projects Overview'!$G$2:$G$5021="Risk Release")*('Projects Overview'!S$2:S$5021))} -> 0 | K31: {=SUMPRODUCT(('Projects Overview'!$B$2:$B$5021="Ram Block")*('Projects Overview'!$G$2:$G$5021="Risk Release")*('Projects Overview'!T$2:T$5021))} -> 0 | L31: {=SUMPRODUCT(('Projects Overview'!$B$2:$B$5021="Ram Block")*('Projects Overview'!$G$2:$G$5021="Risk Release")*('Projects Overview'!U$2:U$5021))} -> 0 | M31: {=SUMPRODUCT(('Projects Overview'!$B$2:$B$5021="Ram Block")*('Projects Overview'!$G$2:$G$5021="Risk Release")*('Projects Overview'!V$2:V$5021))} -> 0 | N31: {=SUMPRODUCT(('Projects Overview'!$B$2:$B$5021="Ram Block")*('Projects Overview'!$G$2:$G$5021="Risk Release")*('Projects Overview'!W$2:W$5021))} -> 0 | O31: {=SUMPRODUCT(('Projects Overview'!$B$2:$B$5021="Ram Block")*('Projects Overview'!$G$2:$G$5021="Risk Release")*('Projects Overview'!X$2:X$5021))} -> 0 | P31: {=SUMPRODUCT(('Projects Overview'!$B$2:$B$5021="Ram Block")*('Projects Overview'!$G$2:$G$5021="Risk Release")*('Projects Overview'!Y$2:Y$5021))} -> 0 | ... AM31: {=SUMPRODUCT(('Projects Overview'!$B$2:$B$5021="Ram Block")*('Projects Overview'!$G$2:$G$5021="Risk Release")*('Projects Overview'!AV$2:AV$5021))} -> 0
C32: Forecast | D32: 0 | E32: 0 | F32: 0 | G32: 0 | H32: 0 | I32: {=SUMPRODUCT(('Projects Overview'!$B$2:$B$5021="Ram Block")*('Projects Overview'!$G$2:$G$5021="Forecast")*('Projects Overview'!R$2:R$5021))} -> 0 | J32: {=SUMPRODUCT(('Projects Overview'!$B$2:$B$5021="Ram Block")*('Projects Overview'!$G$2:$G$5021="Forecast")*('Projects Overview'!S$2:S$5021))} -> 0 | K32: {=SUMPRODUCT(('Projects Overview'!$B$2:$B$5021="Ram Block")*('Projects Overview'!$G$2:$G$5021="Forecast")*('Projects Overview'!T$2:T$5021))} -> 0 | L32: {=SUMPRODUCT(('Projects Overview'!$B$2:$B$5021="Ram Block")*('Projects Overview'!$G$2:$G$5021="Forecast")*('Projects Overview'!U$2:U$5021))} -> 0 | M32: {=SUMPRODUCT(('Projects Overview'!$B$2:$B$5021="Ram Block")*('Projects Overview'!$G$2:$G$5021="Forecast")*('Projects Overview'!V$2:V$5021))} -> 0 | N32: {=SUMPRODUCT(('Projects Overview'!$B$2:$B$5021="Ram Block")*('Projects Overview'!$G$2:$G$5021="Forecast")*('Projects Overview'!W$2:W$5021))} -> 0 | O32: {=SUMPRODUCT(('Projects Overview'!$B$2:$B$5021="Ram Block")*('Projects Overview'!$G$2:$G$5021="Forecast")*('Projects Overview'!X$2:X$5021))} -> 0 | P32: {=SUMPRODUCT(('Projects Overview'!$B$2:$B$5021="Ram Block")*('Projects Overview'!$G$2:$G$5021="Forecast")*('Projects Overview'!Y$2:Y$5021))} -> 0 | ... AM32: {=SUMPRODUCT(('Projects Overview'!$B$2:$B$5021="Ram Block")*('Projects Overview'!$G$2:$G$5021="Forecast")*('Projects Overview'!AV$2:AV$5021))} -> 0
B33: Ram BOP | C33: Firm | D33: 0 | E33: 0 | F33: 0 | G33: 0 | H33: 0 | I33: {=SUMPRODUCT(('Projects Overview'!$B$2:$B$5021="Ram BOP")*('Projects Overview'!$G$2:$G$5021="Firm")*('Projects Overview'!R$2:R$5021))} -> 0 | J33: {=SUMPRODUCT(('Projects Overview'!$B$2:$B$5021="Ram BOP")*('Projects Overview'!$G$2:$G$5021="Firm")*('Projects Overview'!S$2:S$5021))} -> 0 | K33: {=SUMPRODUCT(('Projects Overview'!$B$2:$B$5021="Ram BOP")*('Projects Overview'!$G$2:$G$5021="Firm")*('Projects Overview'!T$2:T$5021))} -> 0 | L33: {=SUMPRODUCT(('Projects Overview'!$B$2:$B$5021="Ram BOP")*('Projects Overview'!$G$2:$G$5021="Firm")*('Projects Overview'!U$2:U$5021))} -> 0 | M33: {=SUMPRODUCT(('Projects Overview'!$B$2:$B$5021="Ram BOP")*('Projects Overview'!$G$2:$G$5021="Firm")*('Projects Overview'!V$2:V$5021))} -> 0 | N33: {=SUMPRODUCT(('Projects Overview'!$B$2:$B$5021="Ram BOP")*('Projects Overview'!$G$2:$G$5021="Firm")*('Projects Overview'!W$2:W$5021))} -> 0 | O33: {=SUMPRODUCT(('Projects Overview'!$B$2:$B$5021="Ram BOP")*('Projects Overview'!$G$2:$G$5021="Firm")*('Projects Overview'!X$2:X$5021))} -> 0 | P33: {=SUMPRODUCT(('Projects Overview'!$B$2:$B$5021="Ram BOP")*('Projects Overview'!$G$2:$G$5021="Firm")*('Projects Overview'!Y$2:Y$5021))} -> 0 | ... AM33: {=SUMPRODUCT(('Projects Overview'!$B$2:$B$5021="Ram BOP")*('Projects Overview'!$G$2:$G$5021="Firm")*('Projects Overview'!AV$2:AV$5021))} -> 0
C34: Risk Release | D34: 0 | E34: 0 | F34: 0 | G34: 0 | H34: 0 | I34: {=SUMPRODUCT(('Projects Overview'!$B$2:$B$5021="Ram BOP")*('Projects Overview'!$G$2:$G$5021="Risk Release")*('Projects Overview'!R$2:R$5021))} -> 0 | J34: {=SUMPRODUCT(('Projects Overview'!$B$2:$B$5021="Ram BOP")*('Projects Overview'!$G$2:$G$5021="Risk Release")*('Projects Overview'!S$2:S$5021))} -> 0 | K34: {=SUMPRODUCT(('Projects Overview'!$B$2:$B$5021="Ram BOP")*('Projects Overview'!$G$2:$G$5021="Risk Release")*('Projects Overview'!T$2:T$5021))} -> 0 | L34: {=SUMPRODUCT(('Projects Overview'!$B$2:$B$5021="Ram BOP")*('Projects Overview'!$G$2:$G$5021="Risk Release")*('Projects Overview'!U$2:U$5021))} -> 0 | M34: {=SUMPRODUCT(('Projects Overview'!$B$2:$B$5021="Ram BOP")*('Projects Overview'!$G$2:$G$5021="Risk Release")*('Projects Overview'!V$2:V$5021))} -> 0 | N34: {=SUMPRODUCT(('Projects Overview'!$B$2:$B$5021="Ram BOP")*('Projects Overview'!$G$2:$G$5021="Risk Release")*('Projects Overview'!W$2:W$5021))} -> 0 | O34: {=SUMPRODUCT(('Projects Overview'!$B$2:$B$5021="Ram BOP")*('Projects Overview'!$G$2:$G$5021="Risk Release")*('Projects Overview'!X$2:X$5021))} -> 0 | P34: {=SUMPRODUCT(('Projects Overview'!$B$2:$B$5021="Ram BOP")*('Projects Overview'!$G$2:$G$5021="Risk Release")*('Projects Overview'!Y$2:Y$5021))} -> 0 | ... AM34: {=SUMPRODUCT(('Projects Overview'!$B$2:$B$5021="Ram BOP")*('Projects Overview'!$G$2:$G$5021="Risk Release")*('Projects Overview'!AV$2:AV$5021))} -> 0
C35: Forecast | D35: 0 | E35: 0 | F35: 0 | G35: 0 | H35: 0 | I35: {=SUMPRODUCT(('Projects Overview'!$B$2:$B$5021="Ram BOP")*('Projects Overview'!$G$2:$G$5021="Forecast")*('Projects Overview'!R$2:R$5021))} -> 0 | J35: {=SUMPRODUCT(('Projects Overview'!$B$2:$B$5021="Ram BOP")*('Projects Overview'!$G$2:$G$5021="Forecast")*('Projects Overview'!S$2:S$5021))} -> 0 | K35: {=SUMPRODUCT(('Projects Overview'!$B$2:$B$5021="Ram BOP")*('Projects Overview'!$G$2:$G$5021="Forecast")*('Projects Overview'!T$2:T$5021))} -> 0 | L35: {=SUMPRODUCT(('Projects Overview'!$B$2:$B$5021="Ram BOP")*('Projects Overview'!$G$2:$G$5021="Forecast")*('Projects Overview'!U$2:U$5021))} -> 0 | M35: {=SUMPRODUCT(('Projects Overview'!$B$2:$B$5021="Ram BOP")*('Projects Overview'!$G$2:$G$5021="Forecast")*('Projects Overview'!V$2:V$5021))} -> 0 | N35: {=SUMPRODUCT(('Projects Overview'!$B$2:$B$5021="Ram BOP")*('Projects Overview'!$G$2:$G$5021="Forecast")*('Projects Overview'!W$2:W$5021))} -> 0 | O35: {=SUMPRODUCT(('Projects Overview'!$B$2:$B$5021="Ram BOP")*('Projects Overview'!$G$2:$G$5021="Forecast")*('Projects Overview'!X$2:X$5021))} -> 0 | P35: {=SUMPRODUCT(('Projects Overview'!$B$2:$B$5021="Ram BOP")*('Projects Overview'!$G$2:$G$5021="Forecast")*('Projects Overview'!Y$2:Y$5021))} -> 0 | ... AM35: {=SUMPRODUCT(('Projects Overview'!$B$2:$B$5021="Ram BOP")*('Projects Overview'!$G$2:$G$5021="Forecast")*('Projects Overview'!AV$2:AV$5021))} -> 0
A36: Riser | B36: TJ MR6H (Valaris) | C36: Firm | D36: 400 | E36: 400 | F36: 400 | G36: 0 | H36: 200 | I36: {=SUMPRODUCT(('Projects Overview'!$B$2:$B$5021="Telescopic Joint - MR6H")*('Projects Overview'!$G$2:$G$5021="Firm")*('Projects Overview'!R$2:R$5021))} -> 0 | J36: {=SUMPRODUCT(('Projects Overview'!$B$2:$B$5021="Telescopic Joint - MR6H")*('Projects Overview'!$G$2:$G$5021="Firm")*('Projects Overview'!S$2:S$5021))} -> 0 | K36: {=SUMPRODUCT(('Projects Overview'!$B$2:$B$5021="Telescopic Joint - MR6H")*('Projects Overview'!$G$2:$G$5021="Firm")*('Projects Overview'!T$2:T$5021))} -> 200 | L36: {=SUMPRODUCT(('Projects Overview'!$B$2:$B$5021="Telescopic Joint - MR6H")*('Projects Overview'!$G$2:$G$5021="Firm")*('Projects Overview'!U$2:U$5021))} -> 1000 | M36: {=SUMPRODUCT(('Projects Overview'!$B$2:$B$5021="Telescopic Joint - MR6H")*('Projects Overview'!$G$2:$G$5021="Firm")*('Projects Overview'!V$2:V$5021))} -> 200 | N36: {=SUMPRODUCT(('Projects Overview'!$B$2:$B$5021="Telescopic Joint - MR6H")*('Projects Overview'!$G$2:$G$5021="Firm")*('Projects Overview'!W$2:W$5021))} -> 250 | O36: {=SUMPRODUCT(('Projects Overview'!$B$2:$B$5021="Telescopic Joint - MR6H")*('Projects Overview'!$G$2:$G$5021="Firm")*('Projects Overview'!X$2:X$5021))} -> 100 | P36: {=SUMPRODUCT(('Projects Overview'!$B$2:$B$5021="Telescopic Joint - MR6H")*('Projects Overview'!$G$2:$G$5021="Firm")*('Projects Overview'!Y$2:Y$5021))} -> 100 | ... AM36: {=SUMPRODUCT(('Projects Overview'!$B$2:$B$5021="Telescopic Joint - MR6H")*('Projects Overview'!$G$2:$G$5021="Firm")*('Projects Overview'!AV$2:AV$5021))} -> 0
C37: Risk Release | D37: 0 | E37: 0 | F37: 0 | G37: 0 | H37: 0 | I37: {=SUMPRODUCT(('Projects Overview'!$B$2:$B$5021="Telescopic Joint - MR6H")*('Projects Overview'!$G$2:$G$5021="Risk Release")*('Projects Overview'!R$2:R$5021))} -> 0 | J37: {=SUMPRODUCT(('Projects Overview'!$B$2:$B$5021="Telescopic Joint - MR6H")*('Projects Overview'!$G$2:$G$5021="Risk Release")*('Projects Overview'!S$2:S$5021))} -> 0 | K37: {=SUMPRODUCT(('Projects Overview'!$B$2:$B$5021="Telescopic Joint - MR6H")*('Projects Overview'!$G$2:$G$5021="Risk Release")*('Projects Overview'!T$2:T$5021))} -> 0 | L37: {=SUMPRODUCT(('Projects Overview'!$B$2:$B$5021="Telescopic Joint - MR6H")*('Projects Overview'!$G$2:$G$5021="Risk Release")*('Projects Overview'!U$2:U$5021))} -> 0 | M37: {=SUMPRODUCT(('Projects Overview'!$B$2:$B$5021="Telescopic Joint - MR6H")*('Projects Overview'!$G$2:$G$5021="Risk Release")*('Projects Overview'!V$2:V$5021))} -> 0 | N37: {=SUMPRODUCT(('Projects Overview'!$B$2:$B$5021="Telescopic Joint - MR6H")*('Projects Overview'!$G$2:$G$5021="Risk Release")*('Projects Overview'!W$2:W$5021))} -> 0 | O37: {=SUMPRODUCT(('Projects Overview'!$B$2:$B$5021="Telescopic Joint - MR6H")*('Projects Overview'!$G$2:$G$5021="Risk Release")*('Projects Overview'!X$2:X$5021))} -> 0 | P37: {=SUMPRODUCT(('Projects Overview'!$B$2:$B$5021="Telescopic Joint - MR6H")*('Projects Overview'!$G$2:$G$5021="Risk Release")*('Projects Overview'!Y$2:Y$5021))} -> 0 | ... AM37: {=SUMPRODUCT(('Projects Overview'!$B$2:$B$5021="Telescopic Joint - MR6H")*('Projects Overview'!$G$2:$G$5021="Risk Release")*('Projects Overview'!AV$2:AV$5021))} -> 0
C38: Forecast | D38: 0 | E38: 0 | F38: 0 | G38: 0 | H38: 0 | I38: {=SUMPRODUCT(('Projects Overview'!$B$2:$B$5021="Telescopic Joint - MR6H")*('Projects Overview'!$G$2:$G$5021="Forecast")*('Projects Overview'!R$2:R$5021))} -> 0 | J38: {=SUMPRODUCT(('Projects Overview'!$B$2:$B$5021="Telescopic Joint - MR6H")*('Projects Overview'!$G$2:$G$5021="Forecast")*('Projects Overview'!S$2:S$5021))} -> 0 | K38: {=SUMPRODUCT(('Projects Overview'!$B$2:$B$5021="Telescopic Joint - MR6H")*('Projects Overview'!$G$2:$G$5021="Forecast")*('Projects Overview'!T$2:T$5021))} -> 0 | L38: {=SUMPRODUCT(('Projects Overview'!$B$2:$B$5021="Telescopic Joint - MR6H")*('Projects Overview'!$G$2:$G$5021="Forecast")*('Projects Overview'!U$2:U$5021))} -> 0 | M38: {=SUMPRODUCT(('Projects Overview'!$B$2:$B$5021="Telescopic Joint - MR6H")*('Projects Overview'!$G$2:$G$5021="Forecast")*('Projects Overview'!V$2:V$5021))} -> 0 | N38: {=SUMPRODUCT(('Projects Overview'!$B$2:$B$5021="Telescopic Joint - MR6H")*('Projects Overview'!$G$2:$G$5021="Forecast")*('Projects Overview'!W$2:W$5021))} -> 0 | O38: {=SUMPRODUCT(('Projects Overview'!$B$2:$B$5021="Telescopic Joint - MR6H")*('Projects Overview'!$G$2:$G$5021="Forecast")*('Projects Overview'!X$2:X$5021))} -> 0 | P38: {=SUMPRODUCT(('Projects Overview'!$B$2:$B$5021="Telescopic Joint - MR6H")*('Projects Overview'!$G$2:$G$5021="Forecast")*('Projects Overview'!Y$2:Y$5021))} -> 0 | ... AM38: {=SUMPRODUCT(('Projects Overview'!$B$2:$B$5021="Telescopic Joint - MR6H")*('Projects Overview'!$G$2:$G$5021="Forecast")*('Projects Overview'!AV$2:AV$5021))} -> 0
B39: TJ QTR-3500 | C39: Firm | D39: 1000 | E39: 1450 | F39: 400 | G39: 400 | H39: 880 | I39: {=SUMPRODUCT(('Projects Overview'!$B$2:$B$5021="Telescopic Joint - QTR-3500")*('Projects Overview'!$G$2:$G$5021="Firm")*('Projects Overview'!R$2:R$5021))} -> 780 | J39: {=SUMPRODUCT(('Projects Overview'!$B$2:$B$5021="Telescopic Joint - QTR-3500")*('Projects Overview'!$G$2:$G$5021="Firm")*('Projects Overview'!S$2:S$5021))} -> 700 | K39: {=SUMPRODUCT(('Projects Overview'!$B$2:$B$5021="Telescopic Joint - QTR-3500")*('Projects Overview'!$G$2:$G$5021="Firm")*('Projects Overview'!T$2:T$5021))} -> 910 | L39: {=SUMPRODUCT(('Projects Overview'!$B$2:$B$5021="Telescopic Joint - QTR-3500")*('Projects Overview'!$G$2:$G$5021="Firm")*('Projects Overview'!U$2:U$5021))} -> 560 | M39: {=SUMPRODUCT(('Projects Overview'!$B$2:$B$5021="Telescopic Joint - QTR-3500")*('Projects Overview'!$G$2:$G$5021="Firm")*('Projects Overview'!V$2:V$5021))} -> 50 | N39: {=SUMPRODUCT(('Projects Overview'!$B$2:$B$5021="Telescopic Joint - QTR-3500")*('Projects Overview'!$G$2:$G$5021="Firm")*('Projects Overview'!W$2:W$5021))} -> 0 | O39: {=SUMPRODUCT(('Projects Overview'!$B$2:$B$5021="Telescopic Joint - QTR-3500")*('Projects Overview'!$G$2:$G$5021="Firm")*('Projects Overview'!X$2:X$5021))} -> 0 | P39: {=SUMPRODUCT(('Projects Overview'!$B$2:$B$5021="Telescopic Joint - QTR-3500")*('Projects Overview'!$G$2:$G$5021="Firm")*('Projects Overview'!Y$2:Y$5021))} -> 425 | ... AM39: {=SUMPRODUCT(('Projects Overview'!$B$2:$B$5021="Telescopic Joint - QTR-3500")*('Projects Overview'!$G$2:$G$5021="Firm")*('Projects Overview'!AV$2:AV$5021))} -> 0
C40: Risk Release | D40: 0 | E40: 0 | F40: 0 | G40: 0 | H40: 0 | I40: {=SUMPRODUCT(('Projects Overview'!$B$2:$B$5021="Telescopic Joint - QTR-3500")*('Projects Overview'!$G$2:$G$5021="Risk Release")*('Projects Overview'!R$2:R$5021))} -> 0 | J40: {=SUMPRODUCT(('Projects Overview'!$B$2:$B$5021="Telescopic Joint - QTR-3500")*('Projects Overview'!$G$2:$G$5021="Risk Release")*('Projects Overview'!S$2:S$5021))} -> 0 | K40: {=SUMPRODUCT(('Projects Overview'!$B$2:$B$5021="Telescopic Joint - QTR-3500")*('Projects Overview'!$G$2:$G$5021="Risk Release")*('Projects Overview'!T$2:T$5021))} -> 0 | L40: {=SUMPRODUCT(('Projects Overview'!$B$2:$B$5021="Telescopic Joint - QTR-3500")*('Projects Overview'!$G$2:$G$5021="Risk Release")*('Projects Overview'!U$2:U$5021))} -> 0 | M40: {=SUMPRODUCT(('Projects Overview'!$B$2:$B$5021="Telescopic Joint - QTR-3500")*('Projects Overview'!$G$2:$G$5021="Risk Release")*('Projects Overview'!V$2:V$5021))} -> 0 | N40: {=SUMPRODUCT(('Projects Overview'!$B$2:$B$5021="Telescopic Joint - QTR-3500")*('Projects Overview'!$G$2:$G$5021="Risk Release")*('Projects Overview'!W$2:W$5021))} -> 0 | O40: {=SUMPRODUCT(('Projects Overview'!$B$2:$B$5021="Telescopic Joint - QTR-3500")*('Projects Overview'!$G$2:$G$5021="Risk Release")*('Projects Overview'!X$2:X$5021))} -> 0 | P40: {=SUMPRODUCT(('Projects Overview'!$B$2:$B$5021="Telescopic Joint - QTR-3500")*('Projects Overview'!$G$2:$G$5021="Risk Release")*('Projects Overview'!Y$2:Y$5021))} -> 0 | ... AM40: {=SUMPRODUCT(('Projects Overview'!$B$2:$B$5021="Telescopic Joint - QTR-3500")*('Projects Overview'!$G$2:$G$5021="Risk Release")*('Projects Overview'!AV$2:AV$5021))} -> 0
C41: Forecast | D41: 0 | E41: 0 | F41: 0 | G41: 0 | H41: 0 | I41: {=SUMPRODUCT(('Projects Overview'!$B$2:$B$5021="Telescopic Joint - QTR-3500")*('Projects Overview'!$G$2:$G$5021="Forecast")*('Projects Overview'!R$2:R$5021))} -> 0 | J41: {=SUMPRODUCT(('Projects Overview'!$B$2:$B$5021="Telescopic Joint - QTR-3500")*('Projects Overview'!$G$2:$G$5021="Forecast")*('Projects Overview'!S$2:S$5021))} -> 0 | K41: {=SUMPRODUCT(('Projects Overview'!$B$2:$B$5021="Telescopic Joint - QTR-3500")*('Projects Overview'!$G$2:$G$5021="Forecast")*('Projects Overview'!T$2:T$5021))} -> 0 | L41: {=SUMPRODUCT(('Projects Overview'!$B$2:$B$5021="Telescopic Joint - QTR-3500")*('Projects Overview'!$G$2:$G$5021="Forecast")*('Projects Overview'!U$2:U$5021))} -> 0 | M41: {=SUMPRODUCT(('Projects Overview'!$B$2:$B$5021="Telescopic Joint - QTR-3500")*('Projects Overview'!$G$2:$G$5021="Forecast")*('Projects Overview'!V$2:V$5021))} -> 0 | N41: {=SUMPRODUCT(('Projects Overview'!$B$2:$B$5021="Telescopic Joint - QTR-3500")*('Projects Overview'!$G$2:$G$5021="Forecast")*('Projects Overview'!W$2:W$5021))} -> 0 | O41: {=SUMPRODUCT(('Projects Overview'!$B$2:$B$5021="Telescopic Joint - QTR-3500")*('Projects Overview'!$G$2:$G$5021="Forecast")*('Projects Overview'!X$2:X$5021))} -> 0 | P41: {=SUMPRODUCT(('Projects Overview'!$B$2:$B$5021="Telescopic Joint - QTR-3500")*('Projects Overview'!$G$2:$G$5021="Forecast")*('Projects Overview'!Y$2:Y$5021))} -> 0 | ... AM41: {=SUMPRODUCT(('Projects Overview'!$B$2:$B$5021="Telescopic Joint - QTR-3500")*('Projects Overview'!$G$2:$G$5021="Forecast")*('Projects Overview'!AV$2:AV$5021))} -> 0 | AO41: Consolidate Demand per Quarter
B42: Riser NOV (Batch 5J) | C42: Firm | D42: 0 | E42: 0 | F42: 0 | G42: 0 | H42: 0 | I42: {=SUMPRODUCT(('Projects Overview'!$B$2:$B$5021="Riser Joint - FT - H")*('Projects Overview'!$G$2:$G$5021="Firm")*('Projects Overview'!R$2:R$5021))} -> 2867 | J42: {=SUMPRODUCT(('Projects Overview'!$B$2:$B$5021="Riser Joint - FT - H")*('Projects Overview'!$G$2:$G$5021="Firm")*('Projects Overview'!S$2:S$5021))} -> 3278 | K42: {=SUMPRODUCT(('Projects Overview'!$B$2:$B$5021="Riser Joint - FT - H")*('Projects Overview'!$G$2:$G$5021="Firm")*('Projects Overview'!T$2:T$5021))} -> 600 | L42: {=SUMPRODUCT(('Projects Overview'!$B$2:$B$5021="Riser Joint - FT - H")*('Projects Overview'!$G$2:$G$5021="Firm")*('Projects Overview'!U$2:U$5021))} -> 3750 | M42: {=SUMPRODUCT(('Projects Overview'!$B$2:$B$5021="Riser Joint - FT - H")*('Projects Overview'!$G$2:$G$5021="Firm")*('Projects Overview'!V$2:V$5021))} -> 4495 | N42: {=SUMPRODUCT(('Projects Overview'!$B$2:$B$5021="Riser Joint - FT - H")*('Projects Overview'!$G$2:$G$5021="Firm")*('Projects Overview'!W$2:W$5021))} -> 4070 | O42: {=SUMPRODUCT(('Projects Overview'!$B$2:$B$5021="Riser Joint - FT - H")*('Projects Overview'!$G$2:$G$5021="Firm")*('Projects Overview'!X$2:X$5021))} -> 15261.6 | P42: {=SUMPRODUCT(('Projects Overview'!$B$2:$B$5021="Riser Joint - FT - H")*('Projects Overview'!$G$2:$G$5021="Firm")*('Projects Overview'!Y$2:Y$5021))} -> 9476.6 | ... AM42: {=SUMPRODUCT(('Projects Overview'!$B$2:$B$5021="Riser Joint - FT - H")*('Projects Overview'!$G$2:$G$5021="Firm")*('Projects Overview'!AV$2:AV$5021))} -> 660 | AP42: 2024 | AQ42: 2025 | AU42: 2026 | AY42: 2027
C43: Risk Release | D43: 0 | E43: 0 | F43: 0 | G43: 0 | H43: 0 | I43: {=SUMPRODUCT(('Projects Overview'!$B$2:$B$5021="Riser Joint - FT - H")*('Projects Overview'!$G$2:$G$5021="Risk Release")*('Projects Overview'!R$2:R$5021))} -> 0 | J43: {=SUMPRODUCT(('Projects Overview'!$B$2:$B$5021="Riser Joint - FT - H")*('Projects Overview'!$G$2:$G$5021="Risk Release")*('Projects Overview'!S$2:S$5021))} -> 0 | K43: {=SUMPRODUCT(('Projects Overview'!$B$2:$B$5021="Riser Joint - FT - H")*('Projects Overview'!$G$2:$G$5021="Risk Release")*('Projects Overview'!T$2:T$5021))} -> 0 | L43: {=SUMPRODUCT(('Projects Overview'!$B$2:$B$5021="Riser Joint - FT - H")*('Projects Overview'!$G$2:$G$5021="Risk Release")*('Projects Overview'!U$2:U$5021))} -> 0 | M43: {=SUMPRODUCT(('Projects Overview'!$B$2:$B$5021="Riser Joint - FT - H")*('Projects Overview'!$G$2:$G$5021="Risk Release")*('Projects Overview'!V$2:V$5021))} -> 0 | N43: {=SUMPRODUCT(('Projects Overview'!$B$2:$B$5021="Riser Joint - FT - H")*('Projects Overview'!$G$2:$G$5021="Risk Release")*('Projects Overview'!W$2:W$5021))} -> 0 | O43: {=SUMPRODUCT(('Projects Overview'!$B$2:$B$5021="Riser Joint - FT - H")*('Projects Overview'!$G$2:$G$5021="Risk Release")*('Projects Overview'!X$2:X$5021))} -> 0 | P43: {=SUMPRODUCT(('Projects Overview'!$B$2:$B$5021="Riser Joint - FT - H")*('Projects Overview'!$G$2:$G$5021="Risk Release")*('Projects Overview'!Y$2:Y$5021))} -> 0 | ... AM43: {=SUMPRODUCT(('Projects Overview'!$B$2:$B$5021="Riser Joint - FT - H")*('Projects Overview'!$G$2:$G$5021="Risk Release")*('Projects Overview'!AV$2:AV$5021))} -> 0 | AO43: Status | AP43: Q4 - 2024 | AQ43: Q1 -2025 | AR43: Q2 - 2025 | AS43: Q3 - 2025 | AT43: Q4 - 2025 | AU43: Q1 - 2026 | AV43: Q2 - 2026 | AW43: Q3 - 2026 | AX43: Q4 - 2026 | AY43: Q1 - 2027 | AZ43: Q2 - 2027 | BA43: Q3 - 2027 | BB43: Q4 - 2027
C44: Forecast | D44: 0 | E44: 0 | F44: 0 | G44: 0 | H44: 0 | I44: {=SUMPRODUCT(('Projects Overview'!$B$2:$B$5021="Riser Joint - FT - H")*('Projects Overview'!$G$2:$G$5021="Forecast")*('Projects Overview'!R$2:R$5021))} -> 0 | J44: {=SUMPRODUCT(('Projects Overview'!$B$2:$B$5021="Riser Joint - FT - H")*('Projects Overview'!$G$2:$G$5021="Forecast")*('Projects Overview'!S$2:S$5021))} -> 0 | K44: {=SUMPRODUCT(('Projects Overview'!$B$2:$B$5021="Riser Joint - FT - H")*('Projects Overview'!$G$2:$G$5021="Forecast")*('Projects Overview'!T$2:T$5021))} -> 0 | L44: {=SUMPRODUCT(('Projects Overview'!$B$2:$B$5021="Riser Joint - FT - H")*('Projects Overview'!$G$2:$G$5021="Forecast")*('Projects Overview'!U$2:U$5021))} -> 0 | M44: {=SUMPRODUCT(('Projects Overview'!$B$2:$B$5021="Riser Joint - FT - H")*('Projects Overview'!$G$2:$G$5021="Forecast")*('Projects Overview'!V$2:V$5021))} -> 0 | N44: {=SUMPRODUCT(('Projects Overview'!$B$2:$B$5021="Riser Joint - FT - H")*('Projects Overview'!$G$2:$G$5021="Forecast")*('Projects Overview'!W$2:W$5021))} -> 0 | O44: {=SUMPRODUCT(('Projects Overview'!$B$2:$B$5021="Riser Joint - FT - H")*('Projects Overview'!$G$2:$G$5021="Forecast")*('Projects Overview'!X$2:X$5021))} -> 0 | P44: {=SUMPRODUCT(('Projects Overview'!$B$2:$B$5021="Riser Joint - FT - H")*('Projects Overview'!$G$2:$G$5021="Forecast")*('Projects Overview'!Y$2:Y$5021))} -> 0 | ... AM44: {=SUMPRODUCT(('Projects Overview'!$B$2:$B$5021="Riser Joint - FT - H")*('Projects Overview'!$G$2:$G$5021="Forecast")*('Projects Overview'!AV$2:AV$5021))} -> 0 | AO44: Riser Firm | AP44: 28597.333 | AQ44: 21294.667 | AR44: 5727 | AS44: 25058 | AT44: 30886.6 | AU44: 29803.6 | AV44: 8602 | AW44: 10677 | AX44: 14615 | AY44: 8227.8 | AZ44: 7865.2 | BA44: 9091.8 | BB44: 13062
B45: Riser QTR-3500 (Batch 5J) | C45: Firm | D45: 6150 | E45: 9430 | F45: 2200 | G45: 1980 | H45: 0 | I45: {=SUMPRODUCT(('Projects Overview'!$B$2:$B$5021="Riser Joint - QTR-3500")*('Projects Overview'!$G$2:$G$5021="Firm")*('Projects Overview'!R$2:R$5021))} -> 880 | J45: {=SUMPRODUCT(('Projects Overview'!$B$2:$B$5021="Riser Joint - QTR-3500")*('Projects Overview'!$G$2:$G$5021="Firm")*('Projects Overview'!S$2:S$5021))} -> 2730 | K45: {=SUMPRODUCT(('Projects Overview'!$B$2:$B$5021="Riser Joint - QTR-3500")*('Projects Overview'!$G$2:$G$5021="Firm")*('Projects Overview'!T$2:T$5021))} -> 4400 | L45: {=SUMPRODUCT(('Projects Overview'!$B$2:$B$5021="Riser Joint - QTR-3500")*('Projects Overview'!$G$2:$G$5021="Firm")*('Projects Overview'!U$2:U$5021))} -> 9690 | M45: {=SUMPRODUCT(('Projects Overview'!$B$2:$B$5021="Riser Joint - QTR-3500")*('Projects Overview'!$G$2:$G$5021="Firm")*('Projects Overview'!V$2:V$5021))} -> 2050 | N45: {=SUMPRODUCT(('Projects Overview'!$B$2:$B$5021="Riser Joint - QTR-3500")*('Projects Overview'!$G$2:$G$5021="Firm")*('Projects Overview'!W$2:W$5021))} -> 4020 | O45: {=SUMPRODUCT(('Projects Overview'!$B$2:$B$5021="Riser Joint - QTR-3500")*('Projects Overview'!$G$2:$G$5021="Firm")*('Projects Overview'!X$2:X$5021))} -> 180 | P45: {=SUMPRODUCT(('Projects Overview'!$B$2:$B$5021="Riser Joint - QTR-3500")*('Projects Overview'!$G$2:$G$5021="Firm")*('Projects Overview'!Y$2:Y$5021))} -> 3216 | ... AM45: {=SUMPRODUCT(('Projects Overview'!$B$2:$B$5021="Riser Joint - QTR-3500")*('Projects Overview'!$G$2:$G$5021="Firm")*('Projects Overview'!AV$2:AV$5021))} -> 0 | AO45: Pressure Control Firm | AP45: 6500 | AQ45: 10301.933 | AR45: 6668.7905 | AS45: 5129.3333 | AT45: 7360.3333 | AU45: 4152 | AV45: 556 | AW45: 0 | AX45: 0 | AY45: 0 | AZ45: 0 | BA45: 0 | BB45: 0
C46: Risk Release | D46: 0 | E46: 0 | F46: 0 | G46: 0 | H46: 0 | I46: {=SUMPRODUCT(('Projects Overview'!$B$2:$B$5021="Riser Joint - QTR-3500")*('Projects Overview'!$G$2:$G$5021="Risk Release")*('Projects Overview'!R$2:R$5021))} -> 0 | J46: {=SUMPRODUCT(('Projects Overview'!$B$2:$B$5021="Riser Joint - QTR-3500")*('Projects Overview'!$G$2:$G$5021="Risk Release")*('Projects Overview'!S$2:S$5021))} -> 0 | K46: {=SUMPRODUCT(('Projects Overview'!$B$2:$B$5021="Riser Joint - QTR-3500")*('Projects Overview'!$G$2:$G$5021="Risk Release")*('Projects Overview'!T$2:T$5021))} -> 0 | L46: {=SUMPRODUCT(('Projects Overview'!$B$2:$B$5021="Riser Joint - QTR-3500")*('Projects Overview'!$G$2:$G$5021="Risk Release")*('Projects Overview'!U$2:U$5021))} -> 0 | M46: {=SUMPRODUCT(('Projects Overview'!$B$2:$B$5021="Riser Joint - QTR-3500")*('Projects Overview'!$G$2:$G$5021="Risk Release")*('Projects Overview'!V$2:V$5021))} -> 0 | N46: {=SUMPRODUCT(('Projects Overview'!$B$2:$B$5021="Riser Joint - QTR-3500")*('Projects Overview'!$G$2:$G$5021="Risk Release")*('Projects Overview'!W$2:W$5021))} -> 0 | O46: {=SUMPRODUCT(('Projects Overview'!$B$2:$B$5021="Riser Joint - QTR-3500")*('Projects Overview'!$G$2:$G$5021="Risk Release")*('Projects Overview'!X$2:X$5021))} -> 0 | P46: {=SUMPRODUCT(('Projects Overview'!$B$2:$B$5021="Riser Joint - QTR-3500")*('Projects Overview'!$G$2:$G$5021="Risk Release")*('Projects Overview'!Y$2:Y$5021))} -> 0 | ... AM46: {=SUMPRODUCT(('Projects Overview'!$B$2:$B$5021="Riser Joint - QTR-3500")*('Projects Overview'!$G$2:$G$5021="Risk Release")*('Projects Overview'!AV$2:AV$5021))} -> 0 | AO46: Topside Firm | AP46: 1807 | AQ46: 7998.8476 | AR46: 5622.3429 | AS46: 7135.2381 | AT46: 3171.1667 | AU46: 3268 | AV46: 586 | AW46: 0 | AX46: 0 | AY46: 0 | AZ46: 0 | BA46: 0 | BB46: 0
C47: Forecast | D47: 0 | E47: 0 | F47: 0 | G47: 0 | H47: 0 | I47: {=SUMPRODUCT(('Projects Overview'!$B$2:$B$5021="Riser Joint - QTR-3500")*('Projects Overview'!$G$2:$G$5021="Forecast")*('Projects Overview'!R$2:R$5021))} -> 0 | J47: {=SUMPRODUCT(('Projects Overview'!$B$2:$B$5021="Riser Joint - QTR-3500")*('Projects Overview'!$G$2:$G$5021="Forecast")*('Projects Overview'!S$2:S$5021))} -> 0 | K47: {=SUMPRODUCT(('Projects Overview'!$B$2:$B$5021="Riser Joint - QTR-3500")*('Projects Overview'!$G$2:$G$5021="Forecast")*('Projects Overview'!T$2:T$5021))} -> 0 | L47: {=SUMPRODUCT(('Projects Overview'!$B$2:$B$5021="Riser Joint - QTR-3500")*('Projects Overview'!$G$2:$G$5021="Forecast")*('Projects Overview'!U$2:U$5021))} -> 0 | M47: {=SUMPRODUCT(('Projects Overview'!$B$2:$B$5021="Riser Joint - QTR-3500")*('Projects Overview'!$G$2:$G$5021="Forecast")*('Projects Overview'!V$2:V$5021))} -> 0 | N47: {=SUMPRODUCT(('Projects Overview'!$B$2:$B$5021="Riser Joint - QTR-3500")*('Projects Overview'!$G$2:$G$5021="Forecast")*('Projects Overview'!W$2:W$5021))} -> 0 | O47: {=SUMPRODUCT(('Projects Overview'!$B$2:$B$5021="Riser Joint - QTR-3500")*('Projects Overview'!$G$2:$G$5021="Forecast")*('Projects Overview'!X$2:X$5021))} -> 0 | P47: {=SUMPRODUCT(('Projects Overview'!$B$2:$B$5021="Riser Joint - QTR-3500")*('Projects Overview'!$G$2:$G$5021="Forecast")*('Projects Overview'!Y$2:Y$5021))} -> 0 | ... AM47: {=SUMPRODUCT(('Projects Overview'!$B$2:$B$5021="Riser Joint - QTR-3500")*('Projects Overview'!$G$2:$G$5021="Forecast")*('Projects Overview'!AV$2:AV$5021))} -> 0 | AO47: Offshore & Other Firm | AP47: 1700 | AQ47: 1540 | AR47: 2620 | AS47: 2604 | AT47: 1310 | AU47: 1140 | AV47: 260 | AW47: 0 | AX47: 0 | AY47: 0 | AZ47: 0 | BA47: 0 | BB47: 0
B48: Riser LK 3.5 (Batch 5J) | C48: Firm | D48: 2490.6667 | E48: 1024 | F48: 0 | G48: 0 | H48: 0 | I48: {=SUMPRODUCT(('Projects Overview'!$B$2:$B$5021="Riser Joint - LK - 3.5")*('Projects Overview'!$G$2:$G$5021="Firm")*('Projects Overview'!R$2:R$5021))} -> 0 | J48: {=SUMPRODUCT(('Projects Overview'!$B$2:$B$5021="Riser Joint - LK - 3.5")*('Projects Overview'!$G$2:$G$5021="Firm")*('Projects Overview'!S$2:S$5021))} -> 100 | K48: {=SUMPRODUCT(('Projects Overview'!$B$2:$B$5021="Riser Joint - LK - 3.5")*('Projects Overview'!$G$2:$G$5021="Firm")*('Projects Overview'!T$2:T$5021))} -> 0 | L48: {=SUMPRODUCT(('Projects Overview'!$B$2:$B$5021="Riser Joint - LK - 3.5")*('Projects Overview'!$G$2:$G$5021="Firm")*('Projects Overview'!U$2:U$5021))} -> 510 | M48: {=SUMPRODUCT(('Projects Overview'!$B$2:$B$5021="Riser Joint - LK - 3.5")*('Projects Overview'!$G$2:$G$5021="Firm")*('Projects Overview'!V$2:V$5021))} -> 510 | N48: {=SUMPRODUCT(('Projects Overview'!$B$2:$B$5021="Riser Joint - LK - 3.5")*('Projects Overview'!$G$2:$G$5021="Firm")*('Projects Overview'!W$2:W$5021))} -> 240 | O48: {=SUMPRODUCT(('Projects Overview'!$B$2:$B$5021="Riser Joint - LK - 3.5")*('Projects Overview'!$G$2:$G$5021="Firm")*('Projects Overview'!X$2:X$5021))} -> 60 | P48: {=SUMPRODUCT(('Projects Overview'!$B$2:$B$5021="Riser Joint - LK - 3.5")*('Projects Overview'!$G$2:$G$5021="Firm")*('Projects Overview'!Y$2:Y$5021))} -> 0 | ... AM48: {=SUMPRODUCT(('Projects Overview'!$B$2:$B$5021="Riser Joint - LK - 3.5")*('Projects Overview'!$G$2:$G$5021="Firm")*('Projects Overview'!AV$2:AV$5021))} -> 0 | AO48: Riser Risk Release | AP48: 0 | AQ48: 0 | AR48: 0 | AS48: 0 | AT48: 0 | AU48: 0 | AV48: 0 | AW48: 0 | AX48: 0 | AY48: 0 | AZ48: 0 | BA48: 0 | BB48: 0
C49: Risk Release | D49: 0 | E49: 0 | F49: 0 | G49: 0 | H49: 0 | I49: {=SUMPRODUCT(('Projects Overview'!$B$2:$B$5021="Riser Joint - LK - 3.5")*('Projects Overview'!$G$2:$G$5021="Risk Release")*('Projects Overview'!R$2:R$5021))} -> 0 | J49: {=SUMPRODUCT(('Projects Overview'!$B$2:$B$5021="Riser Joint - LK - 3.5")*('Projects Overview'!$G$2:$G$5021="Risk Release")*('Projects Overview'!S$2:S$5021))} -> 0 | K49: {=SUMPRODUCT(('Projects Overview'!$B$2:$B$5021="Riser Joint - LK - 3.5")*('Projects Overview'!$G$2:$G$5021="Risk Release")*('Projects Overview'!T$2:T$5021))} -> 0 | L49: {=SUMPRODUCT(('Projects Overview'!$B$2:$B$5021="Riser Joint - LK - 3.5")*('Projects Overview'!$G$2:$G$5021="Risk Release")*('Projects Overview'!U$2:U$5021))} -> 0 | M49: {=SUMPRODUCT(('Projects Overview'!$B$2:$B$5021="Riser Joint - LK - 3.5")*('Projects Overview'!$G$2:$G$5021="Risk Release")*('Projects Overview'!V$2:V$5021))} -> 0 | N49: {=SUMPRODUCT(('Projects Overview'!$B$2:$B$5021="Riser Joint - LK - 3.5")*('Projects Overview'!$G$2:$G$5021="Risk Release")*('Projects Overview'!W$2:W$5021))} -> 0 | O49: {=SUMPRODUCT(('Projects Overview'!$B$2:$B$5021="Riser Joint - LK - 3.5")*('Projects Overview'!$G$2:$G$5021="Risk Release")*('Projects Overview'!X$2:X$5021))} -> 0 | P49: {=SUMPRODUCT(('Projects Overview'!$B$2:$B$5021="Riser Joint - LK - 3.5")*('Projects Overview'!$G$2:$G$5021="Risk Release")*('Projects Overview'!Y$2:Y$5021))} -> 0 | ... AM49: {=SUMPRODUCT(('Projects Overview'!$B$2:$B$5021="Riser Joint - LK - 3.5")*('Projects Overview'!$G$2:$G$5021="Risk Release")*('Projects Overview'!AV$2:AV$5021))} -> 0 | AO49: Pressure Control Risk Release | AP49: 0 | AQ49: 0 | AR49: 0 | AS49: 0 | AT49: 0 | AU49: 0 | AV49: 0 | AW49: 0 | AX49: 0 | AY49: 0 | AZ49: 0 | BA49: 0 | BB49: 0
C50: Forecast | D50: 0 | E50: 0 | F50: 0 | G50: 0 | H50: 0 | I50: {=SUMPRODUCT(('Projects Overview'!$B$2:$B$5021="Riser Joint - LK - 3.5")*('Projects Overview'!$G$2:$G$5021="Forecast")*('Projects Overview'!R$2:R$5021))} -> 0 | J50: {=SUMPRODUCT(('Projects Overview'!$B$2:$B$5021="Riser Joint - LK - 3.5")*('Projects Overview'!$G$2:$G$5021="Forecast")*('Projects Overview'!S$2:S$5021))} -> 0 | K50: {=SUMPRODUCT(('Projects Overview'!$B$2:$B$5021="Riser Joint - LK - 3.5")*('Projects Overview'!$G$2:$G$5021="Forecast")*('Projects Overview'!T$2:T$5021))} -> 0 | L50: {=SUMPRODUCT(('Projects Overview'!$B$2:$B$5021="Riser Joint - LK - 3.5")*('Projects Overview'!$G$2:$G$5021="Forecast")*('Projects Overview'!U$2:U$5021))} -> 0 | M50: {=SUMPRODUCT(('Projects Overview'!$B$2:$B$5021="Riser Joint - LK - 3.5")*('Projects Overview'!$G$2:$G$5021="Forecast")*('Projects Overview'!V$2:V$5021))} -> 0 | N50: {=SUMPRODUCT(('Projects Overview'!$B$2:$B$5021="Riser Joint - LK - 3.5")*('Projects Overview'!$G$2:$G$5021="Forecast")*('Projects Overview'!W$2:W$5021))} -> 0 | O50: {=SUMPRODUCT(('Projects Overview'!$B$2:$B$5021="Riser Joint - LK - 3.5")*('Projects Overview'!$G$2:$G$5021="Forecast")*('Projects Overview'!X$2:X$5021))} -> 0 | P50: {=SUMPRODUCT(('Projects Overview'!$B$2:$B$5021="Riser Joint - LK - 3.5")*('Projects Overview'!$G$2:$G$5021="Forecast")*('Projects Overview'!Y$2:Y$5021))} -> 0 | ... AM50: {=SUMPRODUCT(('Projects Overview'!$B$2:$B$5021="Riser Joint - LK - 3.5")*('Projects Overview'!$G$2:$G$5021="Forecast")*('Projects Overview'!AV$2:AV$5021))} -> 0 | AO50: Topside Risk Release | AP50: 0 | AQ50: 0 | AR50: 0 | AS50: 0 | AT50: 0 | AU50: 0 | AV50: 0 | AW50: 0 | AX50: 0 | AY50: 0 | AZ50: 0 | BA50: 0 | BB50: 0
A51: Topside | B51: DDM | C51: Firm | D51: 863.57143 | E51: 863.57143 | F51: 863.57143 | G51: 863.57143 | H51: 0 | I51: {=SUMPRODUCT(('Projects Overview'!$B$2:$B$5021="DDM")*('Projects Overview'!$G$2:$G$5021="Firm")*('Projects Overview'!R$2:R$5021))} -> 671.66667 | J51: {=SUMPRODUCT(('Projects Overview'!$B$2:$B$5021="DDM")*('Projects Overview'!$G$2:$G$5021="Firm")*('Projects Overview'!S$2:S$5021))} -> 671.66667 | K51: {=SUMPRODUCT(('Projects Overview'!$B$2:$B$5021="DDM")*('Projects Overview'!$G$2:$G$5021="Firm")*('Projects Overview'!T$2:T$5021))} -> 671.66667 | L51: {=SUMPRODUCT(('Projects Overview'!$B$2:$B$5021="DDM")*('Projects Overview'!$G$2:$G$5021="Firm")*('Projects Overview'!U$2:U$5021))} -> 472 | M51: {=SUMPRODUCT(('Projects Overview'!$B$2:$B$5021="DDM")*('Projects Overview'!$G$2:$G$5021="Firm")*('Projects Overview'!V$2:V$5021))} -> 250 | N51: {=SUMPRODUCT(('Projects Overview'!$B$2:$B$5021="DDM")*('Projects Overview'!$G$2:$G$5021="Firm")*('Projects Overview'!W$2:W$5021))} -> 150 | O51: {=SUMPRODUCT(('Projects Overview'!$B$2:$B$5021="DDM")*('Projects Overview'!$G$2:$G$5021="Firm")*('Projects Overview'!X$2:X$5021))} -> 20 | P51: {=SUMPRODUCT(('Projects Overview'!$B$2:$B$5021="DDM")*('Projects Overview'!$G$2:$G$5021="Firm")*('Projects Overview'!Y$2:Y$5021))} -> 60 | ... AM51: {=SUMPRODUCT(('Projects Overview'!$B$2:$B$5021="DDM")*('Projects Overview'!$G$2:$G$5021="Firm")*('Projects Overview'!AV$2:AV$5021))} -> 0 | AO51: Offshore & Other Risk Release | AP51: 0 | AQ51: 0 | AR51: 0 | AS51: 0 | AT51: 0 | AU51: 0 | AV51: 0 | AW51: 0 | AX51: 0 | AY51: 0 | AZ51: 0 | BA51: 0 | BB51: 0
C52: Risk Release | D52: 0 | E52: 0 | F52: 0 | G52: 0 | H52: 0 | I52: {=SUMPRODUCT(('Projects Overview'!$B$2:$B$5021="DDM")*('Projects Overview'!$G$2:$G$5021="Risk Release")*('Projects Overview'!R$2:R$5021))} -> 0 | J52: {=SUMPRODUCT(('Projects Overview'!$B$2:$B$5021="DDM")*('Projects Overview'!$G$2:$G$5021="Risk Release")*('Projects Overview'!S$2:S$5021))} -> 0 | K52: {=SUMPRODUCT(('Projects Overview'!$B$2:$B$5021="DDM")*('Projects Overview'!$G$2:$G$5021="Risk Release")*('Projects Overview'!T$2:T$5021))} -> 0 | L52: {=SUMPRODUCT(('Projects Overview'!$B$2:$B$5021="DDM")*('Projects Overview'!$G$2:$G$5021="Risk Release")*('Projects Overview'!U$2:U$5021))} -> 0 | M52: {=SUMPRODUCT(('Projects Overview'!$B$2:$B$5021="DDM")*('Projects Overview'!$G$2:$G$5021="Risk Release")*('Projects Overview'!V$2:V$5021))} -> 0 | N52: {=SUMPRODUCT(('Projects Overview'!$B$2:$B$5021="DDM")*('Projects Overview'!$G$2:$G$5021="Risk Release")*('Projects Overview'!W$2:W$5021))} -> 0 | O52: {=SUMPRODUCT(('Projects Overview'!$B$2:$B$5021="DDM")*('Projects Overview'!$G$2:$G$5021="Risk Release")*('Projects Overview'!X$2:X$5021))} -> 0 | P52: {=SUMPRODUCT(('Projects Overview'!$B$2:$B$5021="DDM")*('Projects Overview'!$G$2:$G$5021="Risk Release")*('Projects Overview'!Y$2:Y$5021))} -> 0 | ... AM52: {=SUMPRODUCT(('Projects Overview'!$B$2:$B$5021="DDM")*('Projects Overview'!$G$2:$G$5021="Risk Release")*('Projects Overview'!AV$2:AV$5021))} -> 0 | AO52: Riser Forecast | AP52: 0 | AQ52: 0 | AR52: 0 | AS52: 0 | AT52: 0 | AU52: 300 | AV52: 0 | AW52: 8250.8 | AX52: 10751.2 | AY52: 0 | AZ52: 0 | BA52: 0 | BB52: 0
C53: Forecast | D53: 0 | E53: 0 | F53: 0 | G53: 0 | H53: 0 | I53: {=SUMPRODUCT(('Projects Overview'!$B$2:$B$5021="DDM")*('Projects Overview'!$G$2:$G$5021="Forecast")*('Projects Overview'!R$2:R$5021))} -> 0 | J53: {=SUMPRODUCT(('Projects Overview'!$B$2:$B$5021="DDM")*('Projects Overview'!$G$2:$G$5021="Forecast")*('Projects Overview'!S$2:S$5021))} -> 0 | K53: {=SUMPRODUCT(('Projects Overview'!$B$2:$B$5021="DDM")*('Projects Overview'!$G$2:$G$5021="Forecast")*('Projects Overview'!T$2:T$5021))} -> 0 | L53: {=SUMPRODUCT(('Projects Overview'!$B$2:$B$5021="DDM")*('Projects Overview'!$G$2:$G$5021="Forecast")*('Projects Overview'!U$2:U$5021))} -> 0 | M53: {=SUMPRODUCT(('Projects Overview'!$B$2:$B$5021="DDM")*('Projects Overview'!$G$2:$G$5021="Forecast")*('Projects Overview'!V$2:V$5021))} -> 0 | N53: {=SUMPRODUCT(('Projects Overview'!$B$2:$B$5021="DDM")*('Projects Overview'!$G$2:$G$5021="Forecast")*('Projects Overview'!W$2:W$5021))} -> 0 | O53: {=SUMPRODUCT(('Projects Overview'!$B$2:$B$5021="DDM")*('Projects Overview'!$G$2:$G$5021="Forecast")*('Projects Overview'!X$2:X$5021))} -> 0 | P53: {=SUMPRODUCT(('Projects Overview'!$B$2:$B$5021="DDM")*('Projects Overview'!$G$2:$G$5021="Forecast")*('Projects Overview'!Y$2:Y$5021))} -> 0 | ... AM53: {=SUMPRODUCT(('Projects Overview'!$B$2:$B$5021="DDM")*('Projects Overview'!$G$2:$G$5021="Forecast")*('Projects Overview'!AV$2:AV$5021))} -> 0 | AO53: Pressure Control Forecast | AP53: 0 | AQ53: 0 | AR53: 0 | AS53: 0 | AT53: 0 | AU53: 1250.6667 | AV53: 3920 | AW53: 4344 | AX53: 2609.3333 | AY53: 1500 | AZ53: 1000 | BA53: 0 | BB53: 0
B54: Dolly | C54: Firm | D54: 0 | E54: 0 | F54: 0 | G54: 0 | H54: 0 | I54: {=SUMPRODUCT(('Projects Overview'!$B$2:$B$5021="Dolly")*('Projects Overview'!$G$2:$G$5021="Firm")*('Projects Overview'!R$2:R$5021))} -> 0 | J54: {=SUMPRODUCT(('Projects Overview'!$B$2:$B$5021="Dolly")*('Projects Overview'!$G$2:$G$5021="Firm")*('Projects Overview'!S$2:S$5021))} -> 0 | K54: {=SUMPRODUCT(('Projects Overview'!$B$2:$B$5021="Dolly")*('Projects Overview'!$G$2:$G$5021="Firm")*('Projects Overview'!T$2:T$5021))} -> 0 | L54: {=SUMPRODUCT(('Projects Overview'!$B$2:$B$5021="Dolly")*('Projects Overview'!$G$2:$G$5021="Firm")*('Projects Overview'!U$2:U$5021))} -> 0 | M54: {=SUMPRODUCT(('Projects Overview'!$B$2:$B$5021="Dolly")*('Projects Overview'!$G$2:$G$5021="Firm")*('Projects Overview'!V$2:V$5021))} -> 0 | N54: {=SUMPRODUCT(('Projects Overview'!$B$2:$B$5021="Dolly")*('Projects Overview'!$G$2:$G$5021="Firm")*('Projects Overview'!W$2:W$5021))} -> 0 | O54: {=SUMPRODUCT(('Projects Overview'!$B$2:$B$5021="Dolly")*('Projects Overview'!$G$2:$G$5021="Firm")*('Projects Overview'!X$2:X$5021))} -> 0 | P54: {=SUMPRODUCT(('Projects Overview'!$B$2:$B$5021="Dolly")*('Projects Overview'!$G$2:$G$5021="Firm")*('Projects Overview'!Y$2:Y$5021))} -> 0 | ... AM54: {=SUMPRODUCT(('Projects Overview'!$B$2:$B$5021="Dolly")*('Projects Overview'!$G$2:$G$5021="Firm")*('Projects Overview'!AV$2:AV$5021))} -> 0 | AO54: Topside Forecast | AP54: 0 | AQ54: 0 | AR54: 0 | AS54: 0 | AT54: 0 | AU54: 1682 | AV54: 6560 | AW54: 3325.3333 | AX54: 2116.6667 | AY54: 1083.3333 | AZ54: 833.33333 | BA54: 0 | BB54: 0
C55: Risk Release | D55: 0 | E55: 0 | F55: 0 | G55: 0 | H55: 0 | I55: {=SUMPRODUCT(('Projects Overview'!$B$2:$B$5021="Dolly")*('Projects Overview'!$G$2:$G$5021="Risk Release")*('Projects Overview'!R$2:R$5021))} -> 0 | J55: {=SUMPRODUCT(('Projects Overview'!$B$2:$B$5021="Dolly")*('Projects Overview'!$G$2:$G$5021="Risk Release")*('Projects Overview'!S$2:S$5021))} -> 0 | K55: {=SUMPRODUCT(('Projects Overview'!$B$2:$B$5021="Dolly")*('Projects Overview'!$G$2:$G$5021="Risk Release")*('Projects Overview'!T$2:T$5021))} -> 0 | L55: {=SUMPRODUCT(('Projects Overview'!$B$2:$B$5021="Dolly")*('Projects Overview'!$G$2:$G$5021="Risk Release")*('Projects Overview'!U$2:U$5021))} -> 0 | M55: {=SUMPRODUCT(('Projects Overview'!$B$2:$B$5021="Dolly")*('Projects Overview'!$G$2:$G$5021="Risk Release")*('Projects Overview'!V$2:V$5021))} -> 0 | N55: {=SUMPRODUCT(('Projects Overview'!$B$2:$B$5021="Dolly")*('Projects Overview'!$G$2:$G$5021="Risk Release")*('Projects Overview'!W$2:W$5021))} -> 0 | O55: {=SUMPRODUCT(('Projects Overview'!$B$2:$B$5021="Dolly")*('Projects Overview'!$G$2:$G$5021="Risk Release")*('Projects Overview'!X$2:X$5021))} -> 0 | P55: {=SUMPRODUCT(('Projects Overview'!$B$2:$B$5021="Dolly")*('Projects Overview'!$G$2:$G$5021="Risk Release")*('Projects Overview'!Y$2:Y$5021))} -> 0 | ... AM55: {=SUMPRODUCT(('Projects Overview'!$B$2:$B$5021="Dolly")*('Projects Overview'!$G$2:$G$5021="Risk Release")*('Projects Overview'!AV$2:AV$5021))} -> 0 | AO55: Offshore & Other Forecast | AP55: 0 | AQ55: 0 | AR55: 0 | AS55: 0 | AT55: 0 | AU55: 840 | AV55: 1390 | AW55: 1980 | AX55: 1980 | AY55: 0 | AZ55: 0 | BA55: 0 | BB55: 0
C56: Forecast | D56: 0 | E56: 0 | F56: 0 | G56: 0 | H56: 0 | I56: {=SUMPRODUCT(('Projects Overview'!$B$2:$B$5021="Dolly")*('Projects Overview'!$G$2:$G$5021="Forecast")*('Projects Overview'!R$2:R$5021))} -> 0 | J56: {=SUMPRODUCT(('Projects Overview'!$B$2:$B$5021="Dolly")*('Projects Overview'!$G$2:$G$5021="Forecast")*('Projects Overview'!S$2:S$5021))} -> 0 | K56: {=SUMPRODUCT(('Projects Overview'!$B$2:$B$5021="Dolly")*('Projects Overview'!$G$2:$G$5021="Forecast")*('Projects Overview'!T$2:T$5021))} -> 0 | L56: {=SUMPRODUCT(('Projects Overview'!$B$2:$B$5021="Dolly")*('Projects Overview'!$G$2:$G$5021="Forecast")*('Projects Overview'!U$2:U$5021))} -> 0 | M56: {=SUMPRODUCT(('Projects Overview'!$B$2:$B$5021="Dolly")*('Projects Overview'!$G$2:$G$5021="Forecast")*('Projects Overview'!V$2:V$5021))} -> 0 | N56: {=SUMPRODUCT(('Projects Overview'!$B$2:$B$5021="Dolly")*('Projects Overview'!$G$2:$G$5021="Forecast")*('Projects Overview'!W$2:W$5021))} -> 0 | O56: {=SUMPRODUCT(('Projects Overview'!$B$2:$B$5021="Dolly")*('Projects Overview'!$G$2:$G$5021="Forecast")*('Projects Overview'!X$2:X$5021))} -> 0 | P56: {=SUMPRODUCT(('Projects Overview'!$B$2:$B$5021="Dolly")*('Projects Overview'!$G$2:$G$5021="Forecast")*('Projects Overview'!Y$2:Y$5021))} -> 0 | ... AM56: {=SUMPRODUCT(('Projects Overview'!$B$2:$B$5021="Dolly")*('Projects Overview'!$G$2:$G$5021="Forecast")*('Projects Overview'!AV$2:AV$5021))} -> 0 | AO56: HMH Capacity | AP56: 20235.25 | AQ56: 24156 | AR56: 19791.4 | AS56: 21494.32 | AT56: 21112.4 | AU56: 19630.6 | AV56: 16261.2 | AW56: 17829.6 | AX56: 20042 | AY56: 20091 | AZ56: 20091 | BA56: 22022 | BB56: 22022
B57: BRC Gripper Head | C57: Firm | D57: 0 | E57: 146.66667 | F57: 293.33333 | G57: 293.33333 | H57: 198 | I57: {=SUMPRODUCT(('Projects Overview'!$B$2:$B$5021="BRC Gripper Head")*('Projects Overview'!$G$2:$G$5021="Firm")*('Projects Overview'!R$2:R$5021))} -> 309.52381 | J57: {=SUMPRODUCT(('Projects Overview'!$B$2:$B$5021="BRC Gripper Head")*('Projects Overview'!$G$2:$G$5021="Firm")*('Projects Overview'!S$2:S$5021))} -> 309.52381 | K57: {=SUMPRODUCT(('Projects Overview'!$B$2:$B$5021="BRC Gripper Head")*('Projects Overview'!$G$2:$G$5021="Firm")*('Projects Overview'!T$2:T$5021))} -> 110 | L57: {=SUMPRODUCT(('Projects Overview'!$B$2:$B$5021="BRC Gripper Head")*('Projects Overview'!$G$2:$G$5021="Firm")*('Projects Overview'!U$2:U$5021))} -> 200 | M57: {=SUMPRODUCT(('Projects Overview'!$B$2:$B$5021="BRC Gripper Head")*('Projects Overview'!$G$2:$G$5021="Firm")*('Projects Overview'!V$2:V$5021))} -> 800 | N57: {=SUMPRODUCT(('Projects Overview'!$B$2:$B$5021="BRC Gripper Head")*('Projects Overview'!$G$2:$G$5021="Firm")*('Projects Overview'!W$2:W$5021))} -> 330 | O57: {=SUMPRODUCT(('Projects Overview'!$B$2:$B$5021="BRC Gripper Head")*('Projects Overview'!$G$2:$G$5021="Firm")*('Projects Overview'!X$2:X$5021))} -> 522.66667 | P57: {=SUMPRODUCT(('Projects Overview'!$B$2:$B$5021="BRC Gripper Head")*('Projects Overview'!$G$2:$G$5021="Firm")*('Projects Overview'!Y$2:Y$5021))} -> 330 | ... AM57: {=SUMPRODUCT(('Projects Overview'!$B$2:$B$5021="BRC Gripper Head")*('Projects Overview'!$G$2:$G$5021="Firm")*('Projects Overview'!AV$2:AV$5021))} -> 0 | AO57: Contractors | AP57: 32379.25 | AQ57: 33660 | AR57: 28978.6 | AS57: 32504.88 | AT57: 38466 | AU57: 37136.293 | AV57: 21901.12 | AW57: 22616.8 | AX57: 26774 | AY57: 20091 | AZ57: #N/A | BA57: #N/A | BB57: #N/A
C58: Risk Release | D58: 0 | E58: 0 | F58: 0 | G58: 0 | H58: 0 | I58: {=SUMPRODUCT(('Projects Overview'!$B$2:$B$5021="BRC Gripper Head")*('Projects Overview'!$G$2:$G$5021="Risk Release")*('Projects Overview'!R$2:R$5021))} -> 0 | J58: {=SUMPRODUCT(('Projects Overview'!$B$2:$B$5021="BRC Gripper Head")*('Projects Overview'!$G$2:$G$5021="Risk Release")*('Projects Overview'!S$2:S$5021))} -> 0 | K58: {=SUMPRODUCT(('Projects Overview'!$B$2:$B$5021="BRC Gripper Head")*('Projects Overview'!$G$2:$G$5021="Risk Release")*('Projects Overview'!T$2:T$5021))} -> 0 | L58: {=SUMPRODUCT(('Projects Overview'!$B$2:$B$5021="BRC Gripper Head")*('Projects Overview'!$G$2:$G$5021="Risk Release")*('Projects Overview'!U$2:U$5021))} -> 0 | M58: {=SUMPRODUCT(('Projects Overview'!$B$2:$B$5021="BRC Gripper Head")*('Projects Overview'!$G$2:$G$5021="Risk Release")*('Projects Overview'!V$2:V$5021))} -> 0 | N58: {=SUMPRODUCT(('Projects Overview'!$B$2:$B$5021="BRC Gripper Head")*('Projects Overview'!$G$2:$G$5021="Risk Release")*('Projects Overview'!W$2:W$5021))} -> 0 | O58: {=SUMPRODUCT(('Projects Overview'!$B$2:$B$5021="BRC Gripper Head")*('Projects Overview'!$G$2:$G$5021="Risk Release")*('Projects Overview'!X$2:X$5021))} -> 0 | P58: {=SUMPRODUCT(('Projects Overview'!$B$2:$B$5021="BRC Gripper Head")*('Projects Overview'!$G$2:$G$5021="Risk Release")*('Projects Overview'!Y$2:Y$5021))} -> 0 | ... AM58: {=SUMPRODUCT(('Projects Overview'!$B$2:$B$5021="BRC Gripper Head")*('Projects Overview'!$G$2:$G$5021="Risk Release")*('Projects Overview'!AV$2:AV$5021))} -> 0 | AO58: Vacation | AP58: 6164.75 | AQ58: 5412 | AR58: 8791 | AS58: 5314 | AT58: 4020.4 | AU58: 4642 | AV58: 7600 | AW58: 8500 | AX58: 4642 | AY58: 2662 | AZ58: 2662 | BA58: 2662 | BB58: 2662
C59: Forecast | D59: 0 | E59: 0 | F59: 0 | G59: 0 | H59: 0 | I59: {=SUMPRODUCT(('Projects Overview'!$B$2:$B$5021="BRC Gripper Head")*('Projects Overview'!$G$2:$G$5021="Forecast")*('Projects Overview'!R$2:R$5021))} -> 0 | J59: {=SUMPRODUCT(('Projects Overview'!$B$2:$B$5021="BRC Gripper Head")*('Projects Overview'!$G$2:$G$5021="Forecast")*('Projects Overview'!S$2:S$5021))} -> 0 | K59: {=SUMPRODUCT(('Projects Overview'!$B$2:$B$5021="BRC Gripper Head")*('Projects Overview'!$G$2:$G$5021="Forecast")*('Projects Overview'!T$2:T$5021))} -> 0 | L59: {=SUMPRODUCT(('Projects Overview'!$B$2:$B$5021="BRC Gripper Head")*('Projects Overview'!$G$2:$G$5021="Forecast")*('Projects Overview'!U$2:U$5021))} -> 0 | M59: {=SUMPRODUCT(('Projects Overview'!$B$2:$B$5021="BRC Gripper Head")*('Projects Overview'!$G$2:$G$5021="Forecast")*('Projects Overview'!V$2:V$5021))} -> 0 | N59: {=SUMPRODUCT(('Projects Overview'!$B$2:$B$5021="BRC Gripper Head")*('Projects Overview'!$G$2:$G$5021="Forecast")*('Projects Overview'!W$2:W$5021))} -> 0 | O59: {=SUMPRODUCT(('Projects Overview'!$B$2:$B$5021="BRC Gripper Head")*('Projects Overview'!$G$2:$G$5021="Forecast")*('Projects Overview'!X$2:X$5021))} -> 0 | P59: {=SUMPRODUCT(('Projects Overview'!$B$2:$B$5021="BRC Gripper Head")*('Projects Overview'!$G$2:$G$5021="Forecast")*('Projects Overview'!Y$2:Y$5021))} -> 0 | ... AM59: {=SUMPRODUCT(('Projects Overview'!$B$2:$B$5021="BRC Gripper Head")*('Projects Overview'!$G$2:$G$5021="Forecast")*('Projects Overview'!AV$2:AV$5021))} -> 0 | AO59: HMH | AP59: 0 | AQ59: 56 | AR59: 56 | AS59: 56 | AT59: 56 | AU59: 55 | AV59: 55 | AW59: 55 | AX59: 55 | AY59: 55 | AZ59: 55 | BA59: 55 | BB59: 55
B60: LGA Guide Head | C60: Firm | D60: 0 | E60: 0 | F60: 0 | G60: 0 | H60: 0 | I60: {=SUMPRODUCT(('Projects Overview'!$B$2:$B$5021="LGA Guide Head")*('Projects Overview'!$G$2:$G$5021="Firm")*('Projects Overview'!R$2:R$5021))} -> 0 | J60: {=SUMPRODUCT(('Projects Overview'!$B$2:$B$5021="LGA Guide Head")*('Projects Overview'!$G$2:$G$5021="Firm")*('Projects Overview'!S$2:S$5021))} -> 0 | K60: {=SUMPRODUCT(('Projects Overview'!$B$2:$B$5021="LGA Guide Head")*('Projects Overview'!$G$2:$G$5021="Firm")*('Projects Overview'!T$2:T$5021))} -> 0 | L60: {=SUMPRODUCT(('Projects Overview'!$B$2:$B$5021="LGA Guide Head")*('Projects Overview'!$G$2:$G$5021="Firm")*('Projects Overview'!U$2:U$5021))} -> 0 | M60: {=SUMPRODUCT(('Projects Overview'!$B$2:$B$5021="LGA Guide Head")*('Projects Overview'!$G$2:$G$5021="Firm")*('Projects Overview'!V$2:V$5021))} -> 0 | N60: {=SUMPRODUCT(('Projects Overview'!$B$2:$B$5021="LGA Guide Head")*('Projects Overview'!$G$2:$G$5021="Firm")*('Projects Overview'!W$2:W$5021))} -> 249.25 | O60: {=SUMPRODUCT(('Projects Overview'!$B$2:$B$5021="LGA Guide Head")*('Projects Overview'!$G$2:$G$5021="Firm")*('Projects Overview'!X$2:X$5021))} -> 249.25 | P60: {=SUMPRODUCT(('Projects Overview'!$B$2:$B$5021="LGA Guide Head")*('Projects Overview'!$G$2:$G$5021="Firm")*('Projects Overview'!Y$2:Y$5021))} -> 180 | ... AM60: {=SUMPRODUCT(('Projects Overview'!$B$2:$B$5021="LGA Guide Head")*('Projects Overview'!$G$2:$G$5021="Firm")*('Projects Overview'!AV$2:AV$5021))} -> 0 | AO60: Contractos | AP60: 0 | AQ60: 18 | AR60: 18 | AS60: 23 | AT60: 38.666667 | AU60: 39.666667 | AV60: 13 | AW60: 10 | AX60: 15 | AY60: 0 | AZ60: #N/A | BA60: #N/A | BB60: #N/A
C61: Risk Release | D61: 0 | E61: 0 | F61: 0 | G61: 0 | H61: 0 | I61: {=SUMPRODUCT(('Projects Overview'!$B$2:$B$5021="LGA Guide Head")*('Projects Overview'!$G$2:$G$5021="Risk Release")*('Projects Overview'!R$2:R$5021))} -> 0 | J61: {=SUMPRODUCT(('Projects Overview'!$B$2:$B$5021="LGA Guide Head")*('Projects Overview'!$G$2:$G$5021="Risk Release")*('Projects Overview'!S$2:S$5021))} -> 0 | K61: {=SUMPRODUCT(('Projects Overview'!$B$2:$B$5021="LGA Guide Head")*('Projects Overview'!$G$2:$G$5021="Risk Release")*('Projects Overview'!T$2:T$5021))} -> 0 | L61: {=SUMPRODUCT(('Projects Overview'!$B$2:$B$5021="LGA Guide Head")*('Projects Overview'!$G$2:$G$5021="Risk Release")*('Projects Overview'!U$2:U$5021))} -> 0 | M61: {=SUMPRODUCT(('Projects Overview'!$B$2:$B$5021="LGA Guide Head")*('Projects Overview'!$G$2:$G$5021="Risk Release")*('Projects Overview'!V$2:V$5021))} -> 0 | N61: {=SUMPRODUCT(('Projects Overview'!$B$2:$B$5021="LGA Guide Head")*('Projects Overview'!$G$2:$G$5021="Risk Release")*('Projects Overview'!W$2:W$5021))} -> 0 | O61: {=SUMPRODUCT(('Projects Overview'!$B$2:$B$5021="LGA Guide Head")*('Projects Overview'!$G$2:$G$5021="Risk Release")*('Projects Overview'!X$2:X$5021))} -> 0 | P61: {=SUMPRODUCT(('Projects Overview'!$B$2:$B$5021="LGA Guide Head")*('Projects Overview'!$G$2:$G$5021="Risk Release")*('Projects Overview'!Y$2:Y$5021))} -> 0 | ... AM61: {=SUMPRODUCT(('Projects Overview'!$B$2:$B$5021="LGA Guide Head")*('Projects Overview'!$G$2:$G$5021="Risk Release")*('Projects Overview'!AV$2:AV$5021))} -> 0 | AO61: Dias Uteis | AP61: 0 | AQ61: 60 | AR61: 58 | AS61: 64 | AT61: 60 | AU61: 59 | AV61: 58 | AW61: 64 | AX61: 60 | AY61: 60 | AZ61: 60 | BA61: 60 | BB61: 60
C62: Forecast | D62: 0 | E62: 0 | F62: 0 | G62: 0 | H62: 0 | I62: {=SUMPRODUCT(('Projects Overview'!$B$2:$B$5021="LGA Guide Head")*('Projects Overview'!$G$2:$G$5021="Forecast")*('Projects Overview'!R$2:R$5021))} -> 0 | J62: {=SUMPRODUCT(('Projects Overview'!$B$2:$B$5021="LGA Guide Head")*('Projects Overview'!$G$2:$G$5021="Forecast")*('Projects Overview'!S$2:S$5021))} -> 0 | K62: {=SUMPRODUCT(('Projects Overview'!$B$2:$B$5021="LGA Guide Head")*('Projects Overview'!$G$2:$G$5021="Forecast")*('Projects Overview'!T$2:T$5021))} -> 0 | L62: {=SUMPRODUCT(('Projects Overview'!$B$2:$B$5021="LGA Guide Head")*('Projects Overview'!$G$2:$G$5021="Forecast")*('Projects Overview'!U$2:U$5021))} -> 0 | M62: {=SUMPRODUCT(('Projects Overview'!$B$2:$B$5021="LGA Guide Head")*('Projects Overview'!$G$2:$G$5021="Forecast")*('Projects Overview'!V$2:V$5021))} -> 0 | N62: {=SUMPRODUCT(('Projects Overview'!$B$2:$B$5021="LGA Guide Head")*('Projects Overview'!$G$2:$G$5021="Forecast")*('Projects Overview'!W$2:W$5021))} -> 0 | O62: {=SUMPRODUCT(('Projects Overview'!$B$2:$B$5021="LGA Guide Head")*('Projects Overview'!$G$2:$G$5021="Forecast")*('Projects Overview'!X$2:X$5021))} -> 0 | P62: {=SUMPRODUCT(('Projects Overview'!$B$2:$B$5021="LGA Guide Head")*('Projects Overview'!$G$2:$G$5021="Forecast")*('Projects Overview'!Y$2:Y$5021))} -> 0 | ... AM62: {=SUMPRODUCT(('Projects Overview'!$B$2:$B$5021="LGA Guide Head")*('Projects Overview'!$G$2:$G$5021="Forecast")*('Projects Overview'!AV$2:AV$5021))} -> 0 | AO62: Overtime | AP62: 38604.333 | AQ62: 41135.448 | AR62: 20638.133 | AS62: 39926.571 | AT62: 42728.1 | AU62: 42436.267 | AV62: #N/A | AW62: #N/A | AX62: #N/A | AY62: #N/A | AZ62: #N/A | BA62: #N/A | BB62: #N/A
B63: Travelling Block | C63: Firm | D63: 105.6 | E63: 105.6 | F63: 105.6 | G63: 105.6 | H63: 105.6 | I63: {=SUMPRODUCT(('Projects Overview'!$B$2:$B$5021="Travelling Block")*('Projects Overview'!$G$2:$G$5021="Firm")*('Projects Overview'!R$2:R$5021))} -> 105.71429 | J63: {=SUMPRODUCT(('Projects Overview'!$B$2:$B$5021="Travelling Block")*('Projects Overview'!$G$2:$G$5021="Firm")*('Projects Overview'!S$2:S$5021))} -> 105.71429 | K63: {=SUMPRODUCT(('Projects Overview'!$B$2:$B$5021="Travelling Block")*('Projects Overview'!$G$2:$G$5021="Firm")*('Projects Overview'!T$2:T$5021))} -> 150 | L63: {=SUMPRODUCT(('Projects Overview'!$B$2:$B$5021="Travelling Block")*('Projects Overview'!$G$2:$G$5021="Firm")*('Projects Overview'!U$2:U$5021))} -> 200 | M63: {=SUMPRODUCT(('Projects Overview'!$B$2:$B$5021="Travelling Block")*('Projects Overview'!$G$2:$G$5021="Firm")*('Projects Overview'!V$2:V$5021))} -> 0 | N63: {=SUMPRODUCT(('Projects Overview'!$B$2:$B$5021="Travelling Block")*('Projects Overview'!$G$2:$G$5021="Firm")*('Projects Overview'!W$2:W$5021))} -> 0 | O63: {=SUMPRODUCT(('Projects Overview'!$B$2:$B$5021="Travelling Block")*('Projects Overview'!$G$2:$G$5021="Firm")*('Projects Overview'!X$2:X$5021))} -> 0 | P63: {=SUMPRODUCT(('Projects Overview'!$B$2:$B$5021="Travelling Block")*('Projects Overview'!$G$2:$G$5021="Firm")*('Projects Overview'!Y$2:Y$5021))} -> 0 | ... AM63: {=SUMPRODUCT(('Projects Overview'!$B$2:$B$5021="Travelling Block")*('Projects Overview'!$G$2:$G$5021="Firm")*('Projects Overview'!AV$2:AV$5021))} -> 0 | AO63: Firm + Risk Release + Forecast | AP63: 38604.476 | AQ63: 41135.448 | AR63: 20638.133 | AS63: 39926.571 | AT63: 42728.1 | AU63: 42436.267 | AV63: 21874 | AW63: 28577.133 | AX63: 32072.2 | AY63: 10811.133 | AZ63: 9698.5333 | BA63: 9091.8 | BB63: 13062
C64: Risk Release | D64: 0 | E64: 0 | F64: 0 | G64: 0 | H64: 0 | I64: {=SUMPRODUCT(('Projects Overview'!$B$2:$B$5021="Travelling Block")*('Projects Overview'!$G$2:$G$5021="Risk Release")*('Projects Overview'!R$2:R$5021))} -> 0 | J64: {=SUMPRODUCT(('Projects Overview'!$B$2:$B$5021="Travelling Block")*('Projects Overview'!$G$2:$G$5021="Risk Release")*('Projects Overview'!S$2:S$5021))} -> 0 | K64: {=SUMPRODUCT(('Projects Overview'!$B$2:$B$5021="Travelling Block")*('Projects Overview'!$G$2:$G$5021="Risk Release")*('Projects Overview'!T$2:T$5021))} -> 0 | L64: {=SUMPRODUCT(('Projects Overview'!$B$2:$B$5021="Travelling Block")*('Projects Overview'!$G$2:$G$5021="Risk Release")*('Projects Overview'!U$2:U$5021))} -> 0 | M64: {=SUMPRODUCT(('Projects Overview'!$B$2:$B$5021="Travelling Block")*('Projects Overview'!$G$2:$G$5021="Risk Release")*('Projects Overview'!V$2:V$5021))} -> 0 | N64: {=SUMPRODUCT(('Projects Overview'!$B$2:$B$5021="Travelling Block")*('Projects Overview'!$G$2:$G$5021="Risk Release")*('Projects Overview'!W$2:W$5021))} -> 0 | O64: {=SUMPRODUCT(('Projects Overview'!$B$2:$B$5021="Travelling Block")*('Projects Overview'!$G$2:$G$5021="Risk Release")*('Projects Overview'!X$2:X$5021))} -> 0 | P64: {=SUMPRODUCT(('Projects Overview'!$B$2:$B$5021="Travelling Block")*('Projects Overview'!$G$2:$G$5021="Risk Release")*('Projects Overview'!Y$2:Y$5021))} -> 0 | ... AM64: {=SUMPRODUCT(('Projects Overview'!$B$2:$B$5021="Travelling Block")*('Projects Overview'!$G$2:$G$5021="Risk Release")*('Projects Overview'!AV$2:AV$5021))} -> 0
C65: Forecast | D65: 0 | E65: 0 | F65: 0 | G65: 0 | H65: 0 | I65: {=SUMPRODUCT(('Projects Overview'!$B$2:$B$5021="Travelling Block")*('Projects Overview'!$G$2:$G$5021="Forecast")*('Projects Overview'!R$2:R$5021))} -> 0 | J65: {=SUMPRODUCT(('Projects Overview'!$B$2:$B$5021="Travelling Block")*('Projects Overview'!$G$2:$G$5021="Forecast")*('Projects Overview'!S$2:S$5021))} -> 0 | K65: {=SUMPRODUCT(('Projects Overview'!$B$2:$B$5021="Travelling Block")*('Projects Overview'!$G$2:$G$5021="Forecast")*('Projects Overview'!T$2:T$5021))} -> 0 | L65: {=SUMPRODUCT(('Projects Overview'!$B$2:$B$5021="Travelling Block")*('Projects Overview'!$G$2:$G$5021="Forecast")*('Projects Overview'!U$2:U$5021))} -> 0 | M65: {=SUMPRODUCT(('Projects Overview'!$B$2:$B$5021="Travelling Block")*('Projects Overview'!$G$2:$G$5021="Forecast")*('Projects Overview'!V$2:V$5021))} -> 0 | N65: {=SUMPRODUCT(('Projects Overview'!$B$2:$B$5021="Travelling Block")*('Projects Overview'!$G$2:$G$5021="Forecast")*('Projects Overview'!W$2:W$5021))} -> 0 | O65: {=SUMPRODUCT(('Projects Overview'!$B$2:$B$5021="Travelling Block")*('Projects Overview'!$G$2:$G$5021="Forecast")*('Projects Overview'!X$2:X$5021))} -> 0 | P65: {=SUMPRODUCT(('Projects Overview'!$B$2:$B$5021="Travelling Block")*('Projects Overview'!$G$2:$G$5021="Forecast")*('Projects Overview'!Y$2:Y$5021))} -> 0 | ... AM65: {=SUMPRODUCT(('Projects Overview'!$B$2:$B$5021="Travelling Block")*('Projects Overview'!$G$2:$G$5021="Forecast")*('Projects Overview'!AV$2:AV$5021))} -> 0
B66: Rocker Arm | C66: Firm | D66: 0 | E66: 0 | F66: 0 | G66: 0 | H66: 0 | I66: {=SUMPRODUCT(('Projects Overview'!$B$2:$B$5021="Rocker Arm")*('Projects Overview'!$G$2:$G$5021="Firm")*('Projects Overview'!R$2:R$5021))} -> 0 | J66: {=SUMPRODUCT(('Projects Overview'!$B$2:$B$5021="Rocker Arm")*('Projects Overview'!$G$2:$G$5021="Firm")*('Projects Overview'!S$2:S$5021))} -> 0 | K66: {=SUMPRODUCT(('Projects Overview'!$B$2:$B$5021="Rocker Arm")*('Projects Overview'!$G$2:$G$5021="Firm")*('Projects Overview'!T$2:T$5021))} -> 0 | L66: {=SUMPRODUCT(('Projects Overview'!$B$2:$B$5021="Rocker Arm")*('Projects Overview'!$G$2:$G$5021="Firm")*('Projects Overview'!U$2:U$5021))} -> 0 | M66: {=SUMPRODUCT(('Projects Overview'!$B$2:$B$5021="Rocker Arm")*('Projects Overview'!$G$2:$G$5021="Firm")*('Projects Overview'!V$2:V$5021))} -> 0 | N66: {=SUMPRODUCT(('Projects Overview'!$B$2:$B$5021="Rocker Arm")*('Projects Overview'!$G$2:$G$5021="Firm")*('Projects Overview'!W$2:W$5021))} -> 0 | O66: {=SUMPRODUCT(('Projects Overview'!$B$2:$B$5021="Rocker Arm")*('Projects Overview'!$G$2:$G$5021="Firm")*('Projects Overview'!X$2:X$5021))} -> 0 | P66: {=SUMPRODUCT(('Projects Overview'!$B$2:$B$5021="Rocker Arm")*('Projects Overview'!$G$2:$G$5021="Firm")*('Projects Overview'!Y$2:Y$5021))} -> 0 | ... AM66: {=SUMPRODUCT(('Projects Overview'!$B$2:$B$5021="Rocker Arm")*('Projects Overview'!$G$2:$G$5021="Firm")*('Projects Overview'!AV$2:AV$5021))} -> 0
C67: Risk Release | D67: 0 | E67: 0 | F67: 0 | G67: 0 | H67: 0 | I67: {=SUMPRODUCT(('Projects Overview'!$B$2:$B$5021="Rocker Arm")*('Projects Overview'!$G$2:$G$5021="Risk Release")*('Projects Overview'!R$2:R$5021))} -> 0 | J67: {=SUMPRODUCT(('Projects Overview'!$B$2:$B$5021="Rocker Arm")*('Projects Overview'!$G$2:$G$5021="Risk Release")*('Projects Overview'!S$2:S$5021))} -> 0 | K67: {=SUMPRODUCT(('Projects Overview'!$B$2:$B$5021="Rocker Arm")*('Projects Overview'!$G$2:$G$5021="Risk Release")*('Projects Overview'!T$2:T$5021))} -> 0 | L67: {=SUMPRODUCT(('Projects Overview'!$B$2:$B$5021="Rocker Arm")*('Projects Overview'!$G$2:$G$5021="Risk Release")*('Projects Overview'!U$2:U$5021))} -> 0 | M67: {=SUMPRODUCT(('Projects Overview'!$B$2:$B$5021="Rocker Arm")*('Projects Overview'!$G$2:$G$5021="Risk Release")*('Projects Overview'!V$2:V$5021))} -> 0 | N67: {=SUMPRODUCT(('Projects Overview'!$B$2:$B$5021="Rocker Arm")*('Projects Overview'!$G$2:$G$5021="Risk Release")*('Projects Overview'!W$2:W$5021))} -> 0 | O67: {=SUMPRODUCT(('Projects Overview'!$B$2:$B$5021="Rocker Arm")*('Projects Overview'!$G$2:$G$5021="Risk Release")*('Projects Overview'!X$2:X$5021))} -> 0 | P67: {=SUMPRODUCT(('Projects Overview'!$B$2:$B$5021="Rocker Arm")*('Projects Overview'!$G$2:$G$5021="Risk Release")*('Projects Overview'!Y$2:Y$5021))} -> 0 | ... AM67: {=SUMPRODUCT(('Projects Overview'!$B$2:$B$5021="Rocker Arm")*('Projects Overview'!$G$2:$G$5021="Risk Release")*('Projects Overview'!AV$2:AV$5021))} -> 0
C68: Forecast | D68: 0 | E68: 0 | F68: 0 | G68: 0 | H68: 0 | I68: {=SUMPRODUCT(('Projects Overview'!$B$2:$B$5021="Rocker Arm")*('Projects Overview'!$G$2:$G$5021="Forecast")*('Projects Overview'!R$2:R$5021))} -> 0 | J68: {=SUMPRODUCT(('Projects Overview'!$B$2:$B$5021="Rocker Arm")*('Projects Overview'!$G$2:$G$5021="Forecast")*('Projects Overview'!S$2:S$5021))} -> 0 | K68: {=SUMPRODUCT(('Projects Overview'!$B$2:$B$5021="Rocker Arm")*('Projects Overview'!$G$2:$G$5021="Forecast")*('Projects Overview'!T$2:T$5021))} -> 0 | L68: {=SUMPRODUCT(('Projects Overview'!$B$2:$B$5021="Rocker Arm")*('Projects Overview'!$G$2:$G$5021="Forecast")*('Projects Overview'!U$2:U$5021))} -> 0 | M68: {=SUMPRODUCT(('Projects Overview'!$B$2:$B$5021="Rocker Arm")*('Projects Overview'!$G$2:$G$5021="Forecast")*('Projects Overview'!V$2:V$5021))} -> 0 | N68: {=SUMPRODUCT(('Projects Overview'!$B$2:$B$5021="Rocker Arm")*('Projects Overview'!$G$2:$G$5021="Forecast")*('Projects Overview'!W$2:W$5021))} -> 0 | O68: {=SUMPRODUCT(('Projects Overview'!$B$2:$B$5021="Rocker Arm")*('Projects Overview'!$G$2:$G$5021="Forecast")*('Projects Overview'!X$2:X$5021))} -> 0 | P68: {=SUMPRODUCT(('Projects Overview'!$B$2:$B$5021="Rocker Arm")*('Projects Overview'!$G$2:$G$5021="Forecast")*('Projects Overview'!Y$2:Y$5021))} -> 0 | ... AM68: {=SUMPRODUCT(('Projects Overview'!$B$2:$B$5021="Rocker Arm")*('Projects Overview'!$G$2:$G$5021="Forecast")*('Projects Overview'!AV$2:AV$5021))} -> 0
B69: Crown Block (Sheave Cluster) | C69: Firm | D69: 0 | E69: 234.66667 | F69: 234.66667 | G69: 234.66667 | H69: 0 | I69: {=SUMPRODUCT(('Projects Overview'!$B$2:$B$5021="Crown Block (Sheave Cluster)")*('Projects Overview'!$G$2:$G$5021="Firm")*('Projects Overview'!R$2:R$5021))} -> 234.66667 | J69: {=SUMPRODUCT(('Projects Overview'!$B$2:$B$5021="Crown Block (Sheave Cluster)")*('Projects Overview'!$G$2:$G$5021="Firm")*('Projects Overview'!S$2:S$5021))} -> 234.66667 | K69: {=SUMPRODUCT(('Projects Overview'!$B$2:$B$5021="Crown Block (Sheave Cluster)")*('Projects Overview'!$G$2:$G$5021="Firm")*('Projects Overview'!T$2:T$5021))} -> 100 | L69: {=SUMPRODUCT(('Projects Overview'!$B$2:$B$5021="Crown Block (Sheave Cluster)")*('Projects Overview'!$G$2:$G$5021="Firm")*('Projects Overview'!U$2:U$5021))} -> 300 | M69: {=SUMPRODUCT(('Projects Overview'!$B$2:$B$5021="Crown Block (Sheave Cluster)")*('Projects Overview'!$G$2:$G$5021="Firm")*('Projects Overview'!V$2:V$5021))} -> 0 | N69: {=SUMPRODUCT(('Projects Overview'!$B$2:$B$5021="Crown Block (Sheave Cluster)")*('Projects Overview'!$G$2:$G$5021="Firm")*('Projects Overview'!W$2:W$5021))} -> 0 | O69: {=SUMPRODUCT(('Projects Overview'!$B$2:$B$5021="Crown Block (Sheave Cluster)")*('Projects Overview'!$G$2:$G$5021="Firm")*('Projects Overview'!X$2:X$5021))} -> 0 | P69: {=SUMPRODUCT(('Projects Overview'!$B$2:$B$5021="Crown Block (Sheave Cluster)")*('Projects Overview'!$G$2:$G$5021="Firm")*('Projects Overview'!Y$2:Y$5021))} -> 0 | ... AM69: {=SUMPRODUCT(('Projects Overview'!$B$2:$B$5021="Crown Block (Sheave Cluster)")*('Projects Overview'!$G$2:$G$5021="Firm")*('Projects Overview'!AV$2:AV$5021))} -> 0
C70: Risk Release | D70: 0 | E70: 0 | F70: 0 | G70: 0 | H70: 0 | I70: {=SUMPRODUCT(('Projects Overview'!$B$2:$B$5021="Crown Block (Sheave Cluster)")*('Projects Overview'!$G$2:$G$5021="Risk Release")*('Projects Overview'!R$2:R$5021))} -> 0 | J70: {=SUMPRODUCT(('Projects Overview'!$B$2:$B$5021="Crown Block (Sheave Cluster)")*('Projects Overview'!$G$2:$G$5021="Risk Release")*('Projects Overview'!S$2:S$5021))} -> 0 | K70: {=SUMPRODUCT(('Projects Overview'!$B$2:$B$5021="Crown Block (Sheave Cluster)")*('Projects Overview'!$G$2:$G$5021="Risk Release")*('Projects Overview'!T$2:T$5021))} -> 0 | L70: {=SUMPRODUCT(('Projects Overview'!$B$2:$B$5021="Crown Block (Sheave Cluster)")*('Projects Overview'!$G$2:$G$5021="Risk Release")*('Projects Overview'!U$2:U$5021))} -> 0 | M70: {=SUMPRODUCT(('Projects Overview'!$B$2:$B$5021="Crown Block (Sheave Cluster)")*('Projects Overview'!$G$2:$G$5021="Risk Release")*('Projects Overview'!V$2:V$5021))} -> 0 | N70: {=SUMPRODUCT(('Projects Overview'!$B$2:$B$5021="Crown Block (Sheave Cluster)")*('Projects Overview'!$G$2:$G$5021="Risk Release")*('Projects Overview'!W$2:W$5021))} -> 0 | O70: {=SUMPRODUCT(('Projects Overview'!$B$2:$B$5021="Crown Block (Sheave Cluster)")*('Projects Overview'!$G$2:$G$5021="Risk Release")*('Projects Overview'!X$2:X$5021))} -> 0 | P70: {=SUMPRODUCT(('Projects Overview'!$B$2:$B$5021="Crown Block (Sheave Cluster)")*('Projects Overview'!$G$2:$G$5021="Risk Release")*('Projects Overview'!Y$2:Y$5021))} -> 0 | ... AM70: {=SUMPRODUCT(('Projects Overview'!$B$2:$B$5021="Crown Block (Sheave Cluster)")*('Projects Overview'!$G$2:$G$5021="Risk Release")*('Projects Overview'!AV$2:AV$5021))} -> 0
C71: Forecast | D71: 0 | E71: 0 | F71: 0 | G71: 0 | H71: 0 | I71: {=SUMPRODUCT(('Projects Overview'!$B$2:$B$5021="Crown Block (Sheave Cluster)")*('Projects Overview'!$G$2:$G$5021="Forecast")*('Projects Overview'!R$2:R$5021))} -> 0 | J71: {=SUMPRODUCT(('Projects Overview'!$B$2:$B$5021="Crown Block (Sheave Cluster)")*('Projects Overview'!$G$2:$G$5021="Forecast")*('Projects Overview'!S$2:S$5021))} -> 0 | K71: {=SUMPRODUCT(('Projects Overview'!$B$2:$B$5021="Crown Block (Sheave Cluster)")*('Projects Overview'!$G$2:$G$5021="Forecast")*('Projects Overview'!T$2:T$5021))} -> 0 | L71: {=SUMPRODUCT(('Projects Overview'!$B$2:$B$5021="Crown Block (Sheave Cluster)")*('Projects Overview'!$G$2:$G$5021="Forecast")*('Projects Overview'!U$2:U$5021))} -> 0 | M71: {=SUMPRODUCT(('Projects Overview'!$B$2:$B$5021="Crown Block (Sheave Cluster)")*('Projects Overview'!$G$2:$G$5021="Forecast")*('Projects Overview'!V$2:V$5021))} -> 0 | N71: {=SUMPRODUCT(('Projects Overview'!$B$2:$B$5021="Crown Block (Sheave Cluster)")*('Projects Overview'!$G$2:$G$5021="Forecast")*('Projects Overview'!W$2:W$5021))} -> 0 | O71: {=SUMPRODUCT(('Projects Overview'!$B$2:$B$5021="Crown Block (Sheave Cluster)")*('Projects Overview'!$G$2:$G$5021="Forecast")*('Projects Overview'!X$2:X$5021))} -> 0 | P71: {=SUMPRODUCT(('Projects Overview'!$B$2:$B$5021="Crown Block (Sheave Cluster)")*('Projects Overview'!$G$2:$G$5021="Forecast")*('Projects Overview'!Y$2:Y$5021))} -> 0 | ... AM71: {=SUMPRODUCT(('Projects Overview'!$B$2:$B$5021="Crown Block (Sheave Cluster)")*('Projects Overview'!$G$2:$G$5021="Forecast")*('Projects Overview'!AV$2:AV$5021))} -> 0
B72: Drawworks Callipers (MB) | C72: Firm | D72: 0 | E72: 0 | F72: 132 | G72: 0 | H72: 0 | I72: {=SUMPRODUCT(('Projects Overview'!$B$2:$B$5021="Drawworks Callipers (MB)")*('Projects Overview'!$G$2:$G$5021="Firm")*('Projects Overview'!R$2:R$5021))} -> 240 | J72: {=SUMPRODUCT(('Projects Overview'!$B$2:$B$5021="Drawworks Callipers (MB)")*('Projects Overview'!$G$2:$G$5021="Firm")*('Projects Overview'!S$2:S$5021))} -> 160 | K72: {=SUMPRODUCT(('Projects Overview'!$B$2:$B$5021="Drawworks Callipers (MB)")*('Projects Overview'!$G$2:$G$5021="Firm")*('Projects Overview'!T$2:T$5021))} -> 0 | L72: {=SUMPRODUCT(('Projects Overview'!$B$2:$B$5021="Drawworks Callipers (MB)")*('Projects Overview'!$G$2:$G$5021="Firm")*('Projects Overview'!U$2:U$5021))} -> 80 | M72: {=SUMPRODUCT(('Projects Overview'!$B$2:$B$5021="Drawworks Callipers (MB)")*('Projects Overview'!$G$2:$G$5021="Firm")*('Projects Overview'!V$2:V$5021))} -> 0 | N72: {=SUMPRODUCT(('Projects Overview'!$B$2:$B$5021="Drawworks Callipers (MB)")*('Projects Overview'!$G$2:$G$5021="Firm")*('Projects Overview'!W$2:W$5021))} -> 0 | O72: {=SUMPRODUCT(('Projects Overview'!$B$2:$B$5021="Drawworks Callipers (MB)")*('Projects Overview'!$G$2:$G$5021="Firm")*('Projects Overview'!X$2:X$5021))} -> 0 | P72: {=SUMPRODUCT(('Projects Overview'!$B$2:$B$5021="Drawworks Callipers (MB)")*('Projects Overview'!$G$2:$G$5021="Firm")*('Projects Overview'!Y$2:Y$5021))} -> 0 | ... AM72: {=SUMPRODUCT(('Projects Overview'!$B$2:$B$5021="Drawworks Callipers (MB)")*('Projects Overview'!$G$2:$G$5021="Firm")*('Projects Overview'!AV$2:AV$5021))} -> 0
C73: Risk Release | D73: 0 | E73: 0 | F73: 0 | G73: 0 | H73: 0 | I73: {=SUMPRODUCT(('Projects Overview'!$B$2:$B$5021="Drawworks Callipers (MB)")*('Projects Overview'!$G$2:$G$5021="Risk Release")*('Projects Overview'!R$2:R$5021))} -> 0 | J73: {=SUMPRODUCT(('Projects Overview'!$B$2:$B$5021="Drawworks Callipers (MB)")*('Projects Overview'!$G$2:$G$5021="Risk Release")*('Projects Overview'!S$2:S$5021))} -> 0 | K73: {=SUMPRODUCT(('Projects Overview'!$B$2:$B$5021="Drawworks Callipers (MB)")*('Projects Overview'!$G$2:$G$5021="Risk Release")*('Projects Overview'!T$2:T$5021))} -> 0 | L73: {=SUMPRODUCT(('Projects Overview'!$B$2:$B$5021="Drawworks Callipers (MB)")*('Projects Overview'!$G$2:$G$5021="Risk Release")*('Projects Overview'!U$2:U$5021))} -> 0 | M73: {=SUMPRODUCT(('Projects Overview'!$B$2:$B$5021="Drawworks Callipers (MB)")*('Projects Overview'!$G$2:$G$5021="Risk Release")*('Projects Overview'!V$2:V$5021))} -> 0 | N73: {=SUMPRODUCT(('Projects Overview'!$B$2:$B$5021="Drawworks Callipers (MB)")*('Projects Overview'!$G$2:$G$5021="Risk Release")*('Projects Overview'!W$2:W$5021))} -> 0 | O73: {=SUMPRODUCT(('Projects Overview'!$B$2:$B$5021="Drawworks Callipers (MB)")*('Projects Overview'!$G$2:$G$5021="Risk Release")*('Projects Overview'!X$2:X$5021))} -> 0 | P73: {=SUMPRODUCT(('Projects Overview'!$B$2:$B$5021="Drawworks Callipers (MB)")*('Projects Overview'!$G$2:$G$5021="Risk Release")*('Projects Overview'!Y$2:Y$5021))} -> 0 | ... AM73: {=SUMPRODUCT(('Projects Overview'!$B$2:$B$5021="Drawworks Callipers (MB)")*('Projects Overview'!$G$2:$G$5021="Risk Release")*('Projects Overview'!AV$2:AV$5021))} -> 0
C74: Forecast | D74: 0 | E74: 0 | F74: 0 | G74: 0 | H74: 0 | I74: {=SUMPRODUCT(('Projects Overview'!$B$2:$B$5021="Drawworks Callipers (MB)")*('Projects Overview'!$G$2:$G$5021="Forecast")*('Projects Overview'!R$2:R$5021))} -> 0 | J74: {=SUMPRODUCT(('Projects Overview'!$B$2:$B$5021="Drawworks Callipers (MB)")*('Projects Overview'!$G$2:$G$5021="Forecast")*('Projects Overview'!S$2:S$5021))} -> 0 | K74: {=SUMPRODUCT(('Projects Overview'!$B$2:$B$5021="Drawworks Callipers (MB)")*('Projects Overview'!$G$2:$G$5021="Forecast")*('Projects Overview'!T$2:T$5021))} -> 0 | L74: {=SUMPRODUCT(('Projects Overview'!$B$2:$B$5021="Drawworks Callipers (MB)")*('Projects Overview'!$G$2:$G$5021="Forecast")*('Projects Overview'!U$2:U$5021))} -> 0 | M74: {=SUMPRODUCT(('Projects Overview'!$B$2:$B$5021="Drawworks Callipers (MB)")*('Projects Overview'!$G$2:$G$5021="Forecast")*('Projects Overview'!V$2:V$5021))} -> 0 | N74: {=SUMPRODUCT(('Projects Overview'!$B$2:$B$5021="Drawworks Callipers (MB)")*('Projects Overview'!$G$2:$G$5021="Forecast")*('Projects Overview'!W$2:W$5021))} -> 0 | O74: {=SUMPRODUCT(('Projects Overview'!$B$2:$B$5021="Drawworks Callipers (MB)")*('Projects Overview'!$G$2:$G$5021="Forecast")*('Projects Overview'!X$2:X$5021))} -> 0 | P74: {=SUMPRODUCT(('Projects Overview'!$B$2:$B$5021="Drawworks Callipers (MB)")*('Projects Overview'!$G$2:$G$5021="Forecast")*('Projects Overview'!Y$2:Y$5021))} -> 0 | ... AM74: {=SUMPRODUCT(('Projects Overview'!$B$2:$B$5021="Drawworks Callipers (MB)")*('Projects Overview'!$G$2:$G$5021="Forecast")*('Projects Overview'!AV$2:AV$5021))} -> 0
B75: Drawworks Callipers (BKB) | C75: Firm | D75: 0 | E75: 0 | F75: 0 | G75: 0 | H75: 0 | I75: {=SUMPRODUCT(('Projects Overview'!$B$2:$B$5021="Drawworks Callipers (BKB)")*('Projects Overview'!$G$2:$G$5021="Firm")*('Projects Overview'!R$2:R$5021))} -> 0 | J75: {=SUMPRODUCT(('Projects Overview'!$B$2:$B$5021="Drawworks Callipers (BKB)")*('Projects Overview'!$G$2:$G$5021="Firm")*('Projects Overview'!S$2:S$5021))} -> 0 | K75: {=SUMPRODUCT(('Projects Overview'!$B$2:$B$5021="Drawworks Callipers (BKB)")*('Projects Overview'!$G$2:$G$5021="Firm")*('Projects Overview'!T$2:T$5021))} -> 0 | L75: {=SUMPRODUCT(('Projects Overview'!$B$2:$B$5021="Drawworks Callipers (BKB)")*('Projects Overview'!$G$2:$G$5021="Firm")*('Projects Overview'!U$2:U$5021))} -> 0 | M75: {=SUMPRODUCT(('Projects Overview'!$B$2:$B$5021="Drawworks Callipers (BKB)")*('Projects Overview'!$G$2:$G$5021="Firm")*('Projects Overview'!V$2:V$5021))} -> 0 | N75: {=SUMPRODUCT(('Projects Overview'!$B$2:$B$5021="Drawworks Callipers (BKB)")*('Projects Overview'!$G$2:$G$5021="Firm")*('Projects Overview'!W$2:W$5021))} -> 0 | O75: {=SUMPRODUCT(('Projects Overview'!$B$2:$B$5021="Drawworks Callipers (BKB)")*('Projects Overview'!$G$2:$G$5021="Firm")*('Projects Overview'!X$2:X$5021))} -> 0 | P75: {=SUMPRODUCT(('Projects Overview'!$B$2:$B$5021="Drawworks Callipers (BKB)")*('Projects Overview'!$G$2:$G$5021="Firm")*('Projects Overview'!Y$2:Y$5021))} -> 0 | ... AM75: {=SUMPRODUCT(('Projects Overview'!$B$2:$B$5021="Drawworks Callipers (BKB)")*('Projects Overview'!$G$2:$G$5021="Firm")*('Projects Overview'!AV$2:AV$5021))} -> 0
C76: Risk Release | D76: 0 | E76: 0 | F76: 0 | G76: 0 | H76: 0 | I76: {=SUMPRODUCT(('Projects Overview'!$B$2:$B$5021="Drawworks Callipers (BKB)")*('Projects Overview'!$G$2:$G$5021="Risk Release")*('Projects Overview'!R$2:R$5021))} -> 0 | J76: {=SUMPRODUCT(('Projects Overview'!$B$2:$B$5021="Drawworks Callipers (BKB)")*('Projects Overview'!$G$2:$G$5021="Risk Release")*('Projects Overview'!S$2:S$5021))} -> 0 | K76: {=SUMPRODUCT(('Projects Overview'!$B$2:$B$5021="Drawworks Callipers (BKB)")*('Projects Overview'!$G$2:$G$5021="Risk Release")*('Projects Overview'!T$2:T$5021))} -> 0 | L76: {=SUMPRODUCT(('Projects Overview'!$B$2:$B$5021="Drawworks Callipers (BKB)")*('Projects Overview'!$G$2:$G$5021="Risk Release")*('Projects Overview'!U$2:U$5021))} -> 0 | M76: {=SUMPRODUCT(('Projects Overview'!$B$2:$B$5021="Drawworks Callipers (BKB)")*('Projects Overview'!$G$2:$G$5021="Risk Release")*('Projects Overview'!V$2:V$5021))} -> 0 | N76: {=SUMPRODUCT(('Projects Overview'!$B$2:$B$5021="Drawworks Callipers (BKB)")*('Projects Overview'!$G$2:$G$5021="Risk Release")*('Projects Overview'!W$2:W$5021))} -> 0 | O76: {=SUMPRODUCT(('Projects Overview'!$B$2:$B$5021="Drawworks Callipers (BKB)")*('Projects Overview'!$G$2:$G$5021="Risk Release")*('Projects Overview'!X$2:X$5021))} -> 0 | P76: {=SUMPRODUCT(('Projects Overview'!$B$2:$B$5021="Drawworks Callipers (BKB)")*('Projects Overview'!$G$2:$G$5021="Risk Release")*('Projects Overview'!Y$2:Y$5021))} -> 0 | ... AM76: {=SUMPRODUCT(('Projects Overview'!$B$2:$B$5021="Drawworks Callipers (BKB)")*('Projects Overview'!$G$2:$G$5021="Risk Release")*('Projects Overview'!AV$2:AV$5021))} -> 0
C77: Forecast | D77: 0 | E77: 0 | F77: 0 | G77: 0 | H77: 0 | I77: {=SUMPRODUCT(('Projects Overview'!$B$2:$B$5021="Drawworks Callipers (BKB)")*('Projects Overview'!$G$2:$G$5021="Forecast")*('Projects Overview'!R$2:R$5021))} -> 0 | J77: {=SUMPRODUCT(('Projects Overview'!$B$2:$B$5021="Drawworks Callipers (BKB)")*('Projects Overview'!$G$2:$G$5021="Forecast")*('Projects Overview'!S$2:S$5021))} -> 0 | K77: {=SUMPRODUCT(('Projects Overview'!$B$2:$B$5021="Drawworks Callipers (BKB)")*('Projects Overview'!$G$2:$G$5021="Forecast")*('Projects Overview'!T$2:T$5021))} -> 0 | L77: {=SUMPRODUCT(('Projects Overview'!$B$2:$B$5021="Drawworks Callipers (BKB)")*('Projects Overview'!$G$2:$G$5021="Forecast")*('Projects Overview'!U$2:U$5021))} -> 0 | M77: {=SUMPRODUCT(('Projects Overview'!$B$2:$B$5021="Drawworks Callipers (BKB)")*('Projects Overview'!$G$2:$G$5021="Forecast")*('Projects Overview'!V$2:V$5021))} -> 0 | N77: {=SUMPRODUCT(('Projects Overview'!$B$2:$B$5021="Drawworks Callipers (BKB)")*('Projects Overview'!$G$2:$G$5021="Forecast")*('Projects Overview'!W$2:W$5021))} -> 0 | O77: {=SUMPRODUCT(('Projects Overview'!$B$2:$B$5021="Drawworks Callipers (BKB)")*('Projects Overview'!$G$2:$G$5021="Forecast")*('Projects Overview'!X$2:X$5021))} -> 0 | P77: {=SUMPRODUCT(('Projects Overview'!$B$2:$B$5021="Drawworks Callipers (BKB)")*('Projects Overview'!$G$2:$G$5021="Forecast")*('Projects Overview'!Y$2:Y$5021))} -> 0 | ... AM77: {=SUMPRODUCT(('Projects Overview'!$B$2:$B$5021="Drawworks Callipers (BKB)")*('Projects Overview'!$G$2:$G$5021="Forecast")*('Projects Overview'!AV$2:AV$5021))} -> 0
B78: DATs | C78: Firm | D78: 0 | E78: 0 | F78: 0 | G78: 0 | H78: 0 | I78: {=SUMPRODUCT(('Projects Overview'!$B$2:$B$5021="DAT")*('Projects Overview'!$G$2:$G$5021="Firm")*('Projects Overview'!R$2:R$5021))} -> 0 | J78: {=SUMPRODUCT(('Projects Overview'!$B$2:$B$5021="DAT")*('Projects Overview'!$G$2:$G$5021="Firm")*('Projects Overview'!S$2:S$5021))} -> 0 | K78: {=SUMPRODUCT(('Projects Overview'!$B$2:$B$5021="DAT")*('Projects Overview'!$G$2:$G$5021="Firm")*('Projects Overview'!T$2:T$5021))} -> 0 | L78: {=SUMPRODUCT(('Projects Overview'!$B$2:$B$5021="DAT")*('Projects Overview'!$G$2:$G$5021="Firm")*('Projects Overview'!U$2:U$5021))} -> 0 | M78: {=SUMPRODUCT(('Projects Overview'!$B$2:$B$5021="DAT")*('Projects Overview'!$G$2:$G$5021="Firm")*('Projects Overview'!V$2:V$5021))} -> 0 | N78: {=SUMPRODUCT(('Projects Overview'!$B$2:$B$5021="DAT")*('Projects Overview'!$G$2:$G$5021="Firm")*('Projects Overview'!W$2:W$5021))} -> 0 | O78: {=SUMPRODUCT(('Projects Overview'!$B$2:$B$5021="DAT")*('Projects Overview'!$G$2:$G$5021="Firm")*('Projects Overview'!X$2:X$5021))} -> 0 | P78: {=SUMPRODUCT(('Projects Overview'!$B$2:$B$5021="DAT")*('Projects Overview'!$G$2:$G$5021="Firm")*('Projects Overview'!Y$2:Y$5021))} -> 0 | ... AM78: {=SUMPRODUCT(('Projects Overview'!$B$2:$B$5021="DAT")*('Projects Overview'!$G$2:$G$5021="Firm")*('Projects Overview'!AV$2:AV$5021))} -> 0
C79: Risk Release | D79: 0 | E79: 0 | F79: 0 | G79: 0 | H79: 0 | I79: {=SUMPRODUCT(('Projects Overview'!$B$2:$B$5021="DAT")*('Projects Overview'!$G$2:$G$5021="Risk Release")*('Projects Overview'!R$2:R$5021))} -> 0 | J79: {=SUMPRODUCT(('Projects Overview'!$B$2:$B$5021="DAT")*('Projects Overview'!$G$2:$G$5021="Risk Release")*('Projects Overview'!S$2:S$5021))} -> 0 | K79: {=SUMPRODUCT(('Projects Overview'!$B$2:$B$5021="DAT")*('Projects Overview'!$G$2:$G$5021="Risk Release")*('Projects Overview'!T$2:T$5021))} -> 0 | L79: {=SUMPRODUCT(('Projects Overview'!$B$2:$B$5021="DAT")*('Projects Overview'!$G$2:$G$5021="Risk Release")*('Projects Overview'!U$2:U$5021))} -> 0 | M79: {=SUMPRODUCT(('Projects Overview'!$B$2:$B$5021="DAT")*('Projects Overview'!$G$2:$G$5021="Risk Release")*('Projects Overview'!V$2:V$5021))} -> 0 | N79: {=SUMPRODUCT(('Projects Overview'!$B$2:$B$5021="DAT")*('Projects Overview'!$G$2:$G$5021="Risk Release")*('Projects Overview'!W$2:W$5021))} -> 0 | O79: {=SUMPRODUCT(('Projects Overview'!$B$2:$B$5021="DAT")*('Projects Overview'!$G$2:$G$5021="Risk Release")*('Projects Overview'!X$2:X$5021))} -> 0 | P79: {=SUMPRODUCT(('Projects Overview'!$B$2:$B$5021="DAT")*('Projects Overview'!$G$2:$G$5021="Risk Release")*('Projects Overview'!Y$2:Y$5021))} -> 0 | ... AM79: {=SUMPRODUCT(('Projects Overview'!$B$2:$B$5021="DAT")*('Projects Overview'!$G$2:$G$5021="Risk Release")*('Projects Overview'!AV$2:AV$5021))} -> 0
C80: Forecast | D80: 0 | E80: 0 | F80: 0 | G80: 0 | H80: 0 | I80: {=SUMPRODUCT(('Projects Overview'!$B$2:$B$5021="DAT")*('Projects Overview'!$G$2:$G$5021="Forecast")*('Projects Overview'!R$2:R$5021))} -> 0 | J80: {=SUMPRODUCT(('Projects Overview'!$B$2:$B$5021="DAT")*('Projects Overview'!$G$2:$G$5021="Forecast")*('Projects Overview'!S$2:S$5021))} -> 0 | K80: {=SUMPRODUCT(('Projects Overview'!$B$2:$B$5021="DAT")*('Projects Overview'!$G$2:$G$5021="Forecast")*('Projects Overview'!T$2:T$5021))} -> 0 | L80: {=SUMPRODUCT(('Projects Overview'!$B$2:$B$5021="DAT")*('Projects Overview'!$G$2:$G$5021="Forecast")*('Projects Overview'!U$2:U$5021))} -> 0 | M80: {=SUMPRODUCT(('Projects Overview'!$B$2:$B$5021="DAT")*('Projects Overview'!$G$2:$G$5021="Forecast")*('Projects Overview'!V$2:V$5021))} -> 0 | N80: {=SUMPRODUCT(('Projects Overview'!$B$2:$B$5021="DAT")*('Projects Overview'!$G$2:$G$5021="Forecast")*('Projects Overview'!W$2:W$5021))} -> 0 | O80: {=SUMPRODUCT(('Projects Overview'!$B$2:$B$5021="DAT")*('Projects Overview'!$G$2:$G$5021="Forecast")*('Projects Overview'!X$2:X$5021))} -> 0 | P80: {=SUMPRODUCT(('Projects Overview'!$B$2:$B$5021="DAT")*('Projects Overview'!$G$2:$G$5021="Forecast")*('Projects Overview'!Y$2:Y$5021))} -> 0 | ... AM80: {=SUMPRODUCT(('Projects Overview'!$B$2:$B$5021="DAT")*('Projects Overview'!$G$2:$G$5021="Forecast")*('Projects Overview'!AV$2:AV$5021))} -> 0
A81: Offshore | B81: Offshore | C81: Firm | D81: 440 | E81: 440 | F81: 440 | G81: 880 | H81: 880 | I81: {=SUMPRODUCT(('Projects Overview'!$B$2:$B$5021="Offshore")*('Projects Overview'!$G$2:$G$5021="Firm")*('Projects Overview'!R$2:R$5021))} -> 440 | J81: {=SUMPRODUCT(('Projects Overview'!$B$2:$B$5021="Offshore")*('Projects Overview'!$G$2:$G$5021="Firm")*('Projects Overview'!S$2:S$5021))} -> 330 | K81: {=SUMPRODUCT(('Projects Overview'!$B$2:$B$5021="Offshore")*('Projects Overview'!$G$2:$G$5021="Firm")*('Projects Overview'!T$2:T$5021))} -> 770 | L81: {=SUMPRODUCT(('Projects Overview'!$B$2:$B$5021="Offshore")*('Projects Overview'!$G$2:$G$5021="Firm")*('Projects Overview'!U$2:U$5021))} -> 440 | M81: {=SUMPRODUCT(('Projects Overview'!$B$2:$B$5021="Offshore")*('Projects Overview'!$G$2:$G$5021="Firm")*('Projects Overview'!V$2:V$5021))} -> 660 | N81: {=SUMPRODUCT(('Projects Overview'!$B$2:$B$5021="Offshore")*('Projects Overview'!$G$2:$G$5021="Firm")*('Projects Overview'!W$2:W$5021))} -> 330 | O81: {=SUMPRODUCT(('Projects Overview'!$B$2:$B$5021="Offshore")*('Projects Overview'!$G$2:$G$5021="Firm")*('Projects Overview'!X$2:X$5021))} -> 220 | P81: {=SUMPRODUCT(('Projects Overview'!$B$2:$B$5021="Offshore")*('Projects Overview'!$G$2:$G$5021="Firm")*('Projects Overview'!Y$2:Y$5021))} -> 440 | ... AM81: {=SUMPRODUCT(('Projects Overview'!$B$2:$B$5021="Offshore")*('Projects Overview'!$G$2:$G$5021="Firm")*('Projects Overview'!AV$2:AV$5021))} -> 0
C82: Risk Release | D82: 0 | E82: 0 | F82: 0 | G82: 0 | H82: 0 | I82: {=SUMPRODUCT(('Projects Overview'!$B$2:$B$5021="Offshore")*('Projects Overview'!$G$2:$G$5021="Risk Release")*('Projects Overview'!R$2:R$5021))} -> 0 | J82: {=SUMPRODUCT(('Projects Overview'!$B$2:$B$5021="Offshore")*('Projects Overview'!$G$2:$G$5021="Risk Release")*('Projects Overview'!S$2:S$5021))} -> 0 | K82: {=SUMPRODUCT(('Projects Overview'!$B$2:$B$5021="Offshore")*('Projects Overview'!$G$2:$G$5021="Risk Release")*('Projects Overview'!T$2:T$5021))} -> 0 | L82: {=SUMPRODUCT(('Projects Overview'!$B$2:$B$5021="Offshore")*('Projects Overview'!$G$2:$G$5021="Risk Release")*('Projects Overview'!U$2:U$5021))} -> 0 | M82: {=SUMPRODUCT(('Projects Overview'!$B$2:$B$5021="Offshore")*('Projects Overview'!$G$2:$G$5021="Risk Release")*('Projects Overview'!V$2:V$5021))} -> 0 | N82: {=SUMPRODUCT(('Projects Overview'!$B$2:$B$5021="Offshore")*('Projects Overview'!$G$2:$G$5021="Risk Release")*('Projects Overview'!W$2:W$5021))} -> 0 | O82: {=SUMPRODUCT(('Projects Overview'!$B$2:$B$5021="Offshore")*('Projects Overview'!$G$2:$G$5021="Risk Release")*('Projects Overview'!X$2:X$5021))} -> 0 | P82: {=SUMPRODUCT(('Projects Overview'!$B$2:$B$5021="Offshore")*('Projects Overview'!$G$2:$G$5021="Risk Release")*('Projects Overview'!Y$2:Y$5021))} -> 0 | ... AM82: {=SUMPRODUCT(('Projects Overview'!$B$2:$B$5021="Offshore")*('Projects Overview'!$G$2:$G$5021="Risk Release")*('Projects Overview'!AV$2:AV$5021))} -> 0
C83: Forecast | D83: 0 | E83: 0 | F83: 0 | G83: 0 | H83: 0 | I83: {=SUMPRODUCT(('Projects Overview'!$B$2:$B$5021="Offshore")*('Projects Overview'!$G$2:$G$5021="Forecast")*('Projects Overview'!R$2:R$5021))} -> 0 | J83: {=SUMPRODUCT(('Projects Overview'!$B$2:$B$5021="Offshore")*('Projects Overview'!$G$2:$G$5021="Forecast")*('Projects Overview'!S$2:S$5021))} -> 0 | K83: {=SUMPRODUCT(('Projects Overview'!$B$2:$B$5021="Offshore")*('Projects Overview'!$G$2:$G$5021="Forecast")*('Projects Overview'!T$2:T$5021))} -> 0 | L83: {=SUMPRODUCT(('Projects Overview'!$B$2:$B$5021="Offshore")*('Projects Overview'!$G$2:$G$5021="Forecast")*('Projects Overview'!U$2:U$5021))} -> 0 | M83: {=SUMPRODUCT(('Projects Overview'!$B$2:$B$5021="Offshore")*('Projects Overview'!$G$2:$G$5021="Forecast")*('Projects Overview'!V$2:V$5021))} -> 0 | N83: {=SUMPRODUCT(('Projects Overview'!$B$2:$B$5021="Offshore")*('Projects Overview'!$G$2:$G$5021="Forecast")*('Projects Overview'!W$2:W$5021))} -> 0 | O83: {=SUMPRODUCT(('Projects Overview'!$B$2:$B$5021="Offshore")*('Projects Overview'!$G$2:$G$5021="Forecast")*('Projects Overview'!X$2:X$5021))} -> 0 | P83: {=SUMPRODUCT(('Projects Overview'!$B$2:$B$5021="Offshore")*('Projects Overview'!$G$2:$G$5021="Forecast")*('Projects Overview'!Y$2:Y$5021))} -> 0 | ... AM83: {=SUMPRODUCT(('Projects Overview'!$B$2:$B$5021="Offshore")*('Projects Overview'!$G$2:$G$5021="Forecast")*('Projects Overview'!AV$2:AV$5021))} -> 0
A84: Others | B84: Drive Train | C84: Firm | D84: 0 | E84: 0 | F84: 0 | G84: 0 | H84: 0 | I84: {=SUMPRODUCT(('Projects Overview'!$B$2:$B$5021="Drive Train")*('Projects Overview'!$G$2:$G$5021="Firm")*('Projects Overview'!R$2:R$5021))} -> 0 | J84: {=SUMPRODUCT(('Projects Overview'!$B$2:$B$5021="Drive Train")*('Projects Overview'!$G$2:$G$5021="Firm")*('Projects Overview'!S$2:S$5021))} -> 0 | K84: {=SUMPRODUCT(('Projects Overview'!$B$2:$B$5021="Drive Train")*('Projects Overview'!$G$2:$G$5021="Firm")*('Projects Overview'!T$2:T$5021))} -> 0 | L84: {=SUMPRODUCT(('Projects Overview'!$B$2:$B$5021="Drive Train")*('Projects Overview'!$G$2:$G$5021="Firm")*('Projects Overview'!U$2:U$5021))} -> 0 | M84: {=SUMPRODUCT(('Projects Overview'!$B$2:$B$5021="Drive Train")*('Projects Overview'!$G$2:$G$5021="Firm")*('Projects Overview'!V$2:V$5021))} -> 0 | N84: {=SUMPRODUCT(('Projects Overview'!$B$2:$B$5021="Drive Train")*('Projects Overview'!$G$2:$G$5021="Firm")*('Projects Overview'!W$2:W$5021))} -> 0 | O84: {=SUMPRODUCT(('Projects Overview'!$B$2:$B$5021="Drive Train")*('Projects Overview'!$G$2:$G$5021="Firm")*('Projects Overview'!X$2:X$5021))} -> 0 | P84: {=SUMPRODUCT(('Projects Overview'!$B$2:$B$5021="Drive Train")*('Projects Overview'!$G$2:$G$5021="Firm")*('Projects Overview'!Y$2:Y$5021))} -> 0 | ... AM84: {=SUMPRODUCT(('Projects Overview'!$B$2:$B$5021="Drive Train")*('Projects Overview'!$G$2:$G$5021="Firm")*('Projects Overview'!AV$2:AV$5021))} -> 0
C85: Risk Release | D85: 0 | E85: 0 | F85: 0 | G85: 0 | H85: 0 | I85: {=SUMPRODUCT(('Projects Overview'!$B$2:$B$5021="Drive Train")*('Projects Overview'!$G$2:$G$5021="Risk Release")*('Projects Overview'!R$2:R$5021))} -> 0 | J85: {=SUMPRODUCT(('Projects Overview'!$B$2:$B$5021="Drive Train")*('Projects Overview'!$G$2:$G$5021="Risk Release")*('Projects Overview'!S$2:S$5021))} -> 0 | K85: {=SUMPRODUCT(('Projects Overview'!$B$2:$B$5021="Drive Train")*('Projects Overview'!$G$2:$G$5021="Risk Release")*('Projects Overview'!T$2:T$5021))} -> 0 | L85: {=SUMPRODUCT(('Projects Overview'!$B$2:$B$5021="Drive Train")*('Projects Overview'!$G$2:$G$5021="Risk Release")*('Projects Overview'!U$2:U$5021))} -> 0 | M85: {=SUMPRODUCT(('Projects Overview'!$B$2:$B$5021="Drive Train")*('Projects Overview'!$G$2:$G$5021="Risk Release")*('Projects Overview'!V$2:V$5021))} -> 0 | N85: {=SUMPRODUCT(('Projects Overview'!$B$2:$B$5021="Drive Train")*('Projects Overview'!$G$2:$G$5021="Risk Release")*('Projects Overview'!W$2:W$5021))} -> 0 | O85: {=SUMPRODUCT(('Projects Overview'!$B$2:$B$5021="Drive Train")*('Projects Overview'!$G$2:$G$5021="Risk Release")*('Projects Overview'!X$2:X$5021))} -> 0 | P85: {=SUMPRODUCT(('Projects Overview'!$B$2:$B$5021="Drive Train")*('Projects Overview'!$G$2:$G$5021="Risk Release")*('Projects Overview'!Y$2:Y$5021))} -> 0 | ... AM85: {=SUMPRODUCT(('Projects Overview'!$B$2:$B$5021="Drive Train")*('Projects Overview'!$G$2:$G$5021="Risk Release")*('Projects Overview'!AV$2:AV$5021))} -> 0
C86: Forecast | D86: 0 | E86: 0 | F86: 0 | G86: 0 | H86: 0 | I86: {=SUMPRODUCT(('Projects Overview'!$B$2:$B$5021="Drive Train")*('Projects Overview'!$G$2:$G$5021="Forecast")*('Projects Overview'!R$2:R$5021))} -> 0 | J86: {=SUMPRODUCT(('Projects Overview'!$B$2:$B$5021="Drive Train")*('Projects Overview'!$G$2:$G$5021="Forecast")*('Projects Overview'!S$2:S$5021))} -> 0 | K86: {=SUMPRODUCT(('Projects Overview'!$B$2:$B$5021="Drive Train")*('Projects Overview'!$G$2:$G$5021="Forecast")*('Projects Overview'!T$2:T$5021))} -> 0 | L86: {=SUMPRODUCT(('Projects Overview'!$B$2:$B$5021="Drive Train")*('Projects Overview'!$G$2:$G$5021="Forecast")*('Projects Overview'!U$2:U$5021))} -> 0 | M86: {=SUMPRODUCT(('Projects Overview'!$B$2:$B$5021="Drive Train")*('Projects Overview'!$G$2:$G$5021="Forecast")*('Projects Overview'!V$2:V$5021))} -> 0 | N86: {=SUMPRODUCT(('Projects Overview'!$B$2:$B$5021="Drive Train")*('Projects Overview'!$G$2:$G$5021="Forecast")*('Projects Overview'!W$2:W$5021))} -> 0 | O86: {=SUMPRODUCT(('Projects Overview'!$B$2:$B$5021="Drive Train")*('Projects Overview'!$G$2:$G$5021="Forecast")*('Projects Overview'!X$2:X$5021))} -> 0 | P86: {=SUMPRODUCT(('Projects Overview'!$B$2:$B$5021="Drive Train")*('Projects Overview'!$G$2:$G$5021="Forecast")*('Projects Overview'!Y$2:Y$5021))} -> 0 | ... AM86: {=SUMPRODUCT(('Projects Overview'!$B$2:$B$5021="Drive Train")*('Projects Overview'!$G$2:$G$5021="Forecast")*('Projects Overview'!AV$2:AV$5021))} -> 0
B87: Gearbox Draworks | C87: Firm | D87: 0 | E87: 0 | F87: 0 | G87: 0 | H87: 0 | I87: {=SUMPRODUCT(('Projects Overview'!$B$2:$B$5021="Gearbox Drawworks")*('Projects Overview'!$G$2:$G$5021="Firm")*('Projects Overview'!R$2:R$5021))} -> 0 | J87: {=SUMPRODUCT(('Projects Overview'!$B$2:$B$5021="Gearbox Drawworks")*('Projects Overview'!$G$2:$G$5021="Firm")*('Projects Overview'!S$2:S$5021))} -> 0 | K87: {=SUMPRODUCT(('Projects Overview'!$B$2:$B$5021="Gearbox Drawworks")*('Projects Overview'!$G$2:$G$5021="Firm")*('Projects Overview'!T$2:T$5021))} -> 0 | L87: {=SUMPRODUCT(('Projects Overview'!$B$2:$B$5021="Gearbox Drawworks")*('Projects Overview'!$G$2:$G$5021="Firm")*('Projects Overview'!U$2:U$5021))} -> 0 | M87: {=SUMPRODUCT(('Projects Overview'!$B$2:$B$5021="Gearbox Drawworks")*('Projects Overview'!$G$2:$G$5021="Firm")*('Projects Overview'!V$2:V$5021))} -> 0 | N87: {=SUMPRODUCT(('Projects Overview'!$B$2:$B$5021="Gearbox Drawworks")*('Projects Overview'!$G$2:$G$5021="Firm")*('Projects Overview'!W$2:W$5021))} -> 0 | O87: {=SUMPRODUCT(('Projects Overview'!$B$2:$B$5021="Gearbox Drawworks")*('Projects Overview'!$G$2:$G$5021="Firm")*('Projects Overview'!X$2:X$5021))} -> 0 | P87: {=SUMPRODUCT(('Projects Overview'!$B$2:$B$5021="Gearbox Drawworks")*('Projects Overview'!$G$2:$G$5021="Firm")*('Projects Overview'!Y$2:Y$5021))} -> 0 | ... AM87: {=SUMPRODUCT(('Projects Overview'!$B$2:$B$5021="Gearbox Drawworks")*('Projects Overview'!$G$2:$G$5021="Firm")*('Projects Overview'!AV$2:AV$5021))} -> 0
C88: Risk Release | D88: 0 | E88: 0 | F88: 0 | G88: 0 | H88: 0 | I88: {=SUMPRODUCT(('Projects Overview'!$B$2:$B$5021="Gearbox Drawworks")*('Projects Overview'!$G$2:$G$5021="Risk Release")*('Projects Overview'!R$2:R$5021))} -> 0 | J88: {=SUMPRODUCT(('Projects Overview'!$B$2:$B$5021="Gearbox Drawworks")*('Projects Overview'!$G$2:$G$5021="Risk Release")*('Projects Overview'!S$2:S$5021))} -> 0 | K88: {=SUMPRODUCT(('Projects Overview'!$B$2:$B$5021="Gearbox Drawworks")*('Projects Overview'!$G$2:$G$5021="Risk Release")*('Projects Overview'!T$2:T$5021))} -> 0 | L88: {=SUMPRODUCT(('Projects Overview'!$B$2:$B$5021="Gearbox Drawworks")*('Projects Overview'!$G$2:$G$5021="Risk Release")*('Projects Overview'!U$2:U$5021))} -> 0 | M88: {=SUMPRODUCT(('Projects Overview'!$B$2:$B$5021="Gearbox Drawworks")*('Projects Overview'!$G$2:$G$5021="Risk Release")*('Projects Overview'!V$2:V$5021))} -> 0 | N88: {=SUMPRODUCT(('Projects Overview'!$B$2:$B$5021="Gearbox Drawworks")*('Projects Overview'!$G$2:$G$5021="Risk Release")*('Projects Overview'!W$2:W$5021))} -> 0 | O88: {=SUMPRODUCT(('Projects Overview'!$B$2:$B$5021="Gearbox Drawworks")*('Projects Overview'!$G$2:$G$5021="Risk Release")*('Projects Overview'!X$2:X$5021))} -> 0 | P88: {=SUMPRODUCT(('Projects Overview'!$B$2:$B$5021="Gearbox Drawworks")*('Projects Overview'!$G$2:$G$5021="Risk Release")*('Projects Overview'!Y$2:Y$5021))} -> 0 | ... AM88: {=SUMPRODUCT(('Projects Overview'!$B$2:$B$5021="Gearbox Drawworks")*('Projects Overview'!$G$2:$G$5021="Risk Release")*('Projects Overview'!AV$2:AV$5021))} -> 0
C89: Forecast | D89: 0 | E89: 0 | F89: 0 | G89: 0 | H89: 0 | I89: {=SUMPRODUCT(('Projects Overview'!$B$2:$B$5021="Gearbox Drawworks")*('Projects Overview'!$G$2:$G$5021="Forecast")*('Projects Overview'!R$2:R$5021))} -> 0 | J89: {=SUMPRODUCT(('Projects Overview'!$B$2:$B$5021="Gearbox Drawworks")*('Projects Overview'!$G$2:$G$5021="Forecast")*('Projects Overview'!S$2:S$5021))} -> 0 | K89: {=SUMPRODUCT(('Projects Overview'!$B$2:$B$5021="Gearbox Drawworks")*('Projects Overview'!$G$2:$G$5021="Forecast")*('Projects Overview'!T$2:T$5021))} -> 0 | L89: {=SUMPRODUCT(('Projects Overview'!$B$2:$B$5021="Gearbox Drawworks")*('Projects Overview'!$G$2:$G$5021="Forecast")*('Projects Overview'!U$2:U$5021))} -> 0 | M89: {=SUMPRODUCT(('Projects Overview'!$B$2:$B$5021="Gearbox Drawworks")*('Projects Overview'!$G$2:$G$5021="Forecast")*('Projects Overview'!V$2:V$5021))} -> 0 | N89: {=SUMPRODUCT(('Projects Overview'!$B$2:$B$5021="Gearbox Drawworks")*('Projects Overview'!$G$2:$G$5021="Forecast")*('Projects Overview'!W$2:W$5021))} -> 0 | O89: {=SUMPRODUCT(('Projects Overview'!$B$2:$B$5021="Gearbox Drawworks")*('Projects Overview'!$G$2:$G$5021="Forecast")*('Projects Overview'!X$2:X$5021))} -> 0 | P89: {=SUMPRODUCT(('Projects Overview'!$B$2:$B$5021="Gearbox Drawworks")*('Projects Overview'!$G$2:$G$5021="Forecast")*('Projects Overview'!Y$2:Y$5021))} -> 0 | ... AM89: {=SUMPRODUCT(('Projects Overview'!$B$2:$B$5021="Gearbox Drawworks")*('Projects Overview'!$G$2:$G$5021="Forecast")*('Projects Overview'!AV$2:AV$5021))} -> 0
B90: BRC Hydraulic Cylinders | C90: Firm | D90: 0 | E90: 0 | F90: 0 | G90: 0 | H90: 0 | I90: {=SUMPRODUCT(('Projects Overview'!$B$2:$B$5021="BRC Hydraulic Cylinders")*('Projects Overview'!$G$2:$G$5021="Firm")*('Projects Overview'!R$2:R$5021))} -> 0 | J90: {=SUMPRODUCT(('Projects Overview'!$B$2:$B$5021="BRC Hydraulic Cylinders")*('Projects Overview'!$G$2:$G$5021="Firm")*('Projects Overview'!S$2:S$5021))} -> 0 | K90: {=SUMPRODUCT(('Projects Overview'!$B$2:$B$5021="BRC Hydraulic Cylinders")*('Projects Overview'!$G$2:$G$5021="Firm")*('Projects Overview'!T$2:T$5021))} -> 0 | L90: {=SUMPRODUCT(('Projects Overview'!$B$2:$B$5021="BRC Hydraulic Cylinders")*('Projects Overview'!$G$2:$G$5021="Firm")*('Projects Overview'!U$2:U$5021))} -> 0 | M90: {=SUMPRODUCT(('Projects Overview'!$B$2:$B$5021="BRC Hydraulic Cylinders")*('Projects Overview'!$G$2:$G$5021="Firm")*('Projects Overview'!V$2:V$5021))} -> 0 | N90: {=SUMPRODUCT(('Projects Overview'!$B$2:$B$5021="BRC Hydraulic Cylinders")*('Projects Overview'!$G$2:$G$5021="Firm")*('Projects Overview'!W$2:W$5021))} -> 0 | O90: {=SUMPRODUCT(('Projects Overview'!$B$2:$B$5021="BRC Hydraulic Cylinders")*('Projects Overview'!$G$2:$G$5021="Firm")*('Projects Overview'!X$2:X$5021))} -> 0 | P90: {=SUMPRODUCT(('Projects Overview'!$B$2:$B$5021="BRC Hydraulic Cylinders")*('Projects Overview'!$G$2:$G$5021="Firm")*('Projects Overview'!Y$2:Y$5021))} -> 0 | ... AM90: {=SUMPRODUCT(('Projects Overview'!$B$2:$B$5021="BRC Hydraulic Cylinders")*('Projects Overview'!$G$2:$G$5021="Firm")*('Projects Overview'!AV$2:AV$5021))} -> 0
C91: Risk Release | D91: 0 | E91: 0 | F91: 0 | G91: 0 | H91: 0 | I91: {=SUMPRODUCT(('Projects Overview'!$B$2:$B$5021="BRC Hydraulic Cylinders")*('Projects Overview'!$G$2:$G$5021="Risk Release")*('Projects Overview'!R$2:R$5021))} -> 0 | J91: {=SUMPRODUCT(('Projects Overview'!$B$2:$B$5021="BRC Hydraulic Cylinders")*('Projects Overview'!$G$2:$G$5021="Risk Release")*('Projects Overview'!S$2:S$5021))} -> 0 | K91: {=SUMPRODUCT(('Projects Overview'!$B$2:$B$5021="BRC Hydraulic Cylinders")*('Projects Overview'!$G$2:$G$5021="Risk Release")*('Projects Overview'!T$2:T$5021))} -> 0 | L91: {=SUMPRODUCT(('Projects Overview'!$B$2:$B$5021="BRC Hydraulic Cylinders")*('Projects Overview'!$G$2:$G$5021="Risk Release")*('Projects Overview'!U$2:U$5021))} -> 0 | M91: {=SUMPRODUCT(('Projects Overview'!$B$2:$B$5021="BRC Hydraulic Cylinders")*('Projects Overview'!$G$2:$G$5021="Risk Release")*('Projects Overview'!V$2:V$5021))} -> 0 | N91: {=SUMPRODUCT(('Projects Overview'!$B$2:$B$5021="BRC Hydraulic Cylinders")*('Projects Overview'!$G$2:$G$5021="Risk Release")*('Projects Overview'!W$2:W$5021))} -> 0 | O91: {=SUMPRODUCT(('Projects Overview'!$B$2:$B$5021="BRC Hydraulic Cylinders")*('Projects Overview'!$G$2:$G$5021="Risk Release")*('Projects Overview'!X$2:X$5021))} -> 0 | P91: {=SUMPRODUCT(('Projects Overview'!$B$2:$B$5021="BRC Hydraulic Cylinders")*('Projects Overview'!$G$2:$G$5021="Risk Release")*('Projects Overview'!Y$2:Y$5021))} -> 0 | ... AM91: {=SUMPRODUCT(('Projects Overview'!$B$2:$B$5021="BRC Hydraulic Cylinders")*('Projects Overview'!$G$2:$G$5021="Risk Release")*('Projects Overview'!AV$2:AV$5021))} -> 0
C92: Forecast | D92: 0 | E92: 0 | F92: 0 | G92: 0 | H92: 0 | I92: {=SUMPRODUCT(('Projects Overview'!$B$2:$B$5021="BRC Hydraulic Cylinders")*('Projects Overview'!$G$2:$G$5021="Forecast")*('Projects Overview'!R$2:R$5021))} -> 0 | J92: {=SUMPRODUCT(('Projects Overview'!$B$2:$B$5021="BRC Hydraulic Cylinders")*('Projects Overview'!$G$2:$G$5021="Forecast")*('Projects Overview'!S$2:S$5021))} -> 0 | K92: {=SUMPRODUCT(('Projects Overview'!$B$2:$B$5021="BRC Hydraulic Cylinders")*('Projects Overview'!$G$2:$G$5021="Forecast")*('Projects Overview'!T$2:T$5021))} -> 0 | L92: {=SUMPRODUCT(('Projects Overview'!$B$2:$B$5021="BRC Hydraulic Cylinders")*('Projects Overview'!$G$2:$G$5021="Forecast")*('Projects Overview'!U$2:U$5021))} -> 0 | M92: {=SUMPRODUCT(('Projects Overview'!$B$2:$B$5021="BRC Hydraulic Cylinders")*('Projects Overview'!$G$2:$G$5021="Forecast")*('Projects Overview'!V$2:V$5021))} -> 0 | N92: {=SUMPRODUCT(('Projects Overview'!$B$2:$B$5021="BRC Hydraulic Cylinders")*('Projects Overview'!$G$2:$G$5021="Forecast")*('Projects Overview'!W$2:W$5021))} -> 0 | O92: {=SUMPRODUCT(('Projects Overview'!$B$2:$B$5021="BRC Hydraulic Cylinders")*('Projects Overview'!$G$2:$G$5021="Forecast")*('Projects Overview'!X$2:X$5021))} -> 0 | P92: {=SUMPRODUCT(('Projects Overview'!$B$2:$B$5021="BRC Hydraulic Cylinders")*('Projects Overview'!$G$2:$G$5021="Forecast")*('Projects Overview'!Y$2:Y$5021))} -> 0 | ... AM92: {=SUMPRODUCT(('Projects Overview'!$B$2:$B$5021="BRC Hydraulic Cylinders")*('Projects Overview'!$G$2:$G$5021="Forecast")*('Projects Overview'!AV$2:AV$5021))} -> 0
B93: PDPH Hydraulic Cylinders | C93: Firm | D93: 0 | E93: 0 | F93: 0 | G93: 0 | H93: 0 | I93: {=SUMPRODUCT(('Projects Overview'!$B$2:$B$5021="PDPH Hydraulic Cylinders")*('Projects Overview'!$G$2:$G$5021="Firm")*('Projects Overview'!R$2:R$5021))} -> 0 | J93: {=SUMPRODUCT(('Projects Overview'!$B$2:$B$5021="PDPH Hydraulic Cylinders")*('Projects Overview'!$G$2:$G$5021="Firm")*('Projects Overview'!S$2:S$5021))} -> 0 | K93: {=SUMPRODUCT(('Projects Overview'!$B$2:$B$5021="PDPH Hydraulic Cylinders")*('Projects Overview'!$G$2:$G$5021="Firm")*('Projects Overview'!T$2:T$5021))} -> 0 | L93: {=SUMPRODUCT(('Projects Overview'!$B$2:$B$5021="PDPH Hydraulic Cylinders")*('Projects Overview'!$G$2:$G$5021="Firm")*('Projects Overview'!U$2:U$5021))} -> 0 | M93: {=SUMPRODUCT(('Projects Overview'!$B$2:$B$5021="PDPH Hydraulic Cylinders")*('Projects Overview'!$G$2:$G$5021="Firm")*('Projects Overview'!V$2:V$5021))} -> 0 | N93: {=SUMPRODUCT(('Projects Overview'!$B$2:$B$5021="PDPH Hydraulic Cylinders")*('Projects Overview'!$G$2:$G$5021="Firm")*('Projects Overview'!W$2:W$5021))} -> 0 | O93: {=SUMPRODUCT(('Projects Overview'!$B$2:$B$5021="PDPH Hydraulic Cylinders")*('Projects Overview'!$G$2:$G$5021="Firm")*('Projects Overview'!X$2:X$5021))} -> 0 | P93: {=SUMPRODUCT(('Projects Overview'!$B$2:$B$5021="PDPH Hydraulic Cylinders")*('Projects Overview'!$G$2:$G$5021="Firm")*('Projects Overview'!Y$2:Y$5021))} -> 0 | ... AM93: {=SUMPRODUCT(('Projects Overview'!$B$2:$B$5021="PDPH Hydraulic Cylinders")*('Projects Overview'!$G$2:$G$5021="Firm")*('Projects Overview'!AV$2:AV$5021))} -> 0
C94: Risk Release | D94: 0 | E94: 0 | F94: 0 | G94: 0 | H94: 0 | I94: {=SUMPRODUCT(('Projects Overview'!$B$2:$B$5021="PDPH Hydraulic Cylinders")*('Projects Overview'!$G$2:$G$5021="Risk Release")*('Projects Overview'!R$2:R$5021))} -> 0 | J94: {=SUMPRODUCT(('Projects Overview'!$B$2:$B$5021="PDPH Hydraulic Cylinders")*('Projects Overview'!$G$2:$G$5021="Risk Release")*('Projects Overview'!S$2:S$5021))} -> 0 | K94: {=SUMPRODUCT(('Projects Overview'!$B$2:$B$5021="PDPH Hydraulic Cylinders")*('Projects Overview'!$G$2:$G$5021="Risk Release")*('Projects Overview'!T$2:T$5021))} -> 0 | L94: {=SUMPRODUCT(('Projects Overview'!$B$2:$B$5021="PDPH Hydraulic Cylinders")*('Projects Overview'!$G$2:$G$5021="Risk Release")*('Projects Overview'!U$2:U$5021))} -> 0 | M94: {=SUMPRODUCT(('Projects Overview'!$B$2:$B$5021="PDPH Hydraulic Cylinders")*('Projects Overview'!$G$2:$G$5021="Risk Release")*('Projects Overview'!V$2:V$5021))} -> 0 | N94: {=SUMPRODUCT(('Projects Overview'!$B$2:$B$5021="PDPH Hydraulic Cylinders")*('Projects Overview'!$G$2:$G$5021="Risk Release")*('Projects Overview'!W$2:W$5021))} -> 0 | O94: {=SUMPRODUCT(('Projects Overview'!$B$2:$B$5021="PDPH Hydraulic Cylinders")*('Projects Overview'!$G$2:$G$5021="Risk Release")*('Projects Overview'!X$2:X$5021))} -> 0 | P94: {=SUMPRODUCT(('Projects Overview'!$B$2:$B$5021="PDPH Hydraulic Cylinders")*('Projects Overview'!$G$2:$G$5021="Risk Release")*('Projects Overview'!Y$2:Y$5021))} -> 0 | ... AM94: {=SUMPRODUCT(('Projects Overview'!$B$2:$B$5021="PDPH Hydraulic Cylinders")*('Projects Overview'!$G$2:$G$5021="Risk Release")*('Projects Overview'!AV$2:AV$5021))} -> 0
C95: Forecast | D95: 0 | E95: 0 | F95: 0 | G95: 0 | H95: 0 | I95: {=SUMPRODUCT(('Projects Overview'!$B$2:$B$5021="PDPH Hydraulic Cylinders")*('Projects Overview'!$G$2:$G$5021="Forecast")*('Projects Overview'!R$2:R$5021))} -> 0 | J95: {=SUMPRODUCT(('Projects Overview'!$B$2:$B$5021="PDPH Hydraulic Cylinders")*('Projects Overview'!$G$2:$G$5021="Forecast")*('Projects Overview'!S$2:S$5021))} -> 0 | K95: {=SUMPRODUCT(('Projects Overview'!$B$2:$B$5021="PDPH Hydraulic Cylinders")*('Projects Overview'!$G$2:$G$5021="Forecast")*('Projects Overview'!T$2:T$5021))} -> 0 | L95: {=SUMPRODUCT(('Projects Overview'!$B$2:$B$5021="PDPH Hydraulic Cylinders")*('Projects Overview'!$G$2:$G$5021="Forecast")*('Projects Overview'!U$2:U$5021))} -> 0 | M95: {=SUMPRODUCT(('Projects Overview'!$B$2:$B$5021="PDPH Hydraulic Cylinders")*('Projects Overview'!$G$2:$G$5021="Forecast")*('Projects Overview'!V$2:V$5021))} -> 0 | N95: {=SUMPRODUCT(('Projects Overview'!$B$2:$B$5021="PDPH Hydraulic Cylinders")*('Projects Overview'!$G$2:$G$5021="Forecast")*('Projects Overview'!W$2:W$5021))} -> 0 | O95: {=SUMPRODUCT(('Projects Overview'!$B$2:$B$5021="PDPH Hydraulic Cylinders")*('Projects Overview'!$G$2:$G$5021="Forecast")*('Projects Overview'!X$2:X$5021))} -> 0 | P95: {=SUMPRODUCT(('Projects Overview'!$B$2:$B$5021="PDPH Hydraulic Cylinders")*('Projects Overview'!$G$2:$G$5021="Forecast")*('Projects Overview'!Y$2:Y$5021))} -> 0 | ... AM95: {=SUMPRODUCT(('Projects Overview'!$B$2:$B$5021="PDPH Hydraulic Cylinders")*('Projects Overview'!$G$2:$G$5021="Forecast")*('Projects Overview'!AV$2:AV$5021))} -> 0
B96: AHC Cylinders | C96: Firm | D96: 0 | E96: 0 | F96: 0 | G96: 0 | H96: 0 | I96: {=SUMPRODUCT(('Projects Overview'!$B$2:$B$5021="AHC Cylinders")*('Projects Overview'!$G$2:$G$5021="Firm")*('Projects Overview'!R$2:R$5021))} -> 0 | J96: {=SUMPRODUCT(('Projects Overview'!$B$2:$B$5021="AHC Cylinders")*('Projects Overview'!$G$2:$G$5021="Firm")*('Projects Overview'!S$2:S$5021))} -> 0 | K96: {=SUMPRODUCT(('Projects Overview'!$B$2:$B$5021="AHC Cylinders")*('Projects Overview'!$G$2:$G$5021="Firm")*('Projects Overview'!T$2:T$5021))} -> 0 | L96: {=SUMPRODUCT(('Projects Overview'!$B$2:$B$5021="AHC Cylinders")*('Projects Overview'!$G$2:$G$5021="Firm")*('Projects Overview'!U$2:U$5021))} -> 50 | M96: {=SUMPRODUCT(('Projects Overview'!$B$2:$B$5021="AHC Cylinders")*('Projects Overview'!$G$2:$G$5021="Firm")*('Projects Overview'!V$2:V$5021))} -> 100 | N96: {=SUMPRODUCT(('Projects Overview'!$B$2:$B$5021="AHC Cylinders")*('Projects Overview'!$G$2:$G$5021="Firm")*('Projects Overview'!W$2:W$5021))} -> 0 | O96: {=SUMPRODUCT(('Projects Overview'!$B$2:$B$5021="AHC Cylinders")*('Projects Overview'!$G$2:$G$5021="Firm")*('Projects Overview'!X$2:X$5021))} -> 0 | P96: {=SUMPRODUCT(('Projects Overview'!$B$2:$B$5021="AHC Cylinders")*('Projects Overview'!$G$2:$G$5021="Firm")*('Projects Overview'!Y$2:Y$5021))} -> 0 | ... AM96: {=SUMPRODUCT(('Projects Overview'!$B$2:$B$5021="AHC Cylinders")*('Projects Overview'!$G$2:$G$5021="Firm")*('Projects Overview'!AV$2:AV$5021))} -> 0
C97: Risk Release | D97: 0 | E97: 0 | F97: 0 | G97: 0 | H97: 0 | I97: {=SUMPRODUCT(('Projects Overview'!$B$2:$B$5021="AHC Cylinders")*('Projects Overview'!$G$2:$G$5021="Risk Release")*('Projects Overview'!R$2:R$5021))} -> 0 | J97: {=SUMPRODUCT(('Projects Overview'!$B$2:$B$5021="AHC Cylinders")*('Projects Overview'!$G$2:$G$5021="Risk Release")*('Projects Overview'!S$2:S$5021))} -> 0 | K97: {=SUMPRODUCT(('Projects Overview'!$B$2:$B$5021="AHC Cylinders")*('Projects Overview'!$G$2:$G$5021="Risk Release")*('Projects Overview'!T$2:T$5021))} -> 0 | L97: {=SUMPRODUCT(('Projects Overview'!$B$2:$B$5021="AHC Cylinders")*('Projects Overview'!$G$2:$G$5021="Risk Release")*('Projects Overview'!U$2:U$5021))} -> 0 | M97: {=SUMPRODUCT(('Projects Overview'!$B$2:$B$5021="AHC Cylinders")*('Projects Overview'!$G$2:$G$5021="Risk Release")*('Projects Overview'!V$2:V$5021))} -> 0 | N97: {=SUMPRODUCT(('Projects Overview'!$B$2:$B$5021="AHC Cylinders")*('Projects Overview'!$G$2:$G$5021="Risk Release")*('Projects Overview'!W$2:W$5021))} -> 0 | O97: {=SUMPRODUCT(('Projects Overview'!$B$2:$B$5021="AHC Cylinders")*('Projects Overview'!$G$2:$G$5021="Risk Release")*('Projects Overview'!X$2:X$5021))} -> 0 | P97: {=SUMPRODUCT(('Projects Overview'!$B$2:$B$5021="AHC Cylinders")*('Projects Overview'!$G$2:$G$5021="Risk Release")*('Projects Overview'!Y$2:Y$5021))} -> 0 | ... AM97: {=SUMPRODUCT(('Projects Overview'!$B$2:$B$5021="AHC Cylinders")*('Projects Overview'!$G$2:$G$5021="Risk Release")*('Projects Overview'!AV$2:AV$5021))} -> 0
C98: Forecast | D98: 0 | E98: 0 | F98: 0 | G98: 0 | H98: 0 | I98: {=SUMPRODUCT(('Projects Overview'!$B$2:$B$5021="AHC Cylinders")*('Projects Overview'!$G$2:$G$5021="Forecast")*('Projects Overview'!R$2:R$5021))} -> 0 | J98: {=SUMPRODUCT(('Projects Overview'!$B$2:$B$5021="AHC Cylinders")*('Projects Overview'!$G$2:$G$5021="Forecast")*('Projects Overview'!S$2:S$5021))} -> 0 | K98: {=SUMPRODUCT(('Projects Overview'!$B$2:$B$5021="AHC Cylinders")*('Projects Overview'!$G$2:$G$5021="Forecast")*('Projects Overview'!T$2:T$5021))} -> 0 | L98: {=SUMPRODUCT(('Projects Overview'!$B$2:$B$5021="AHC Cylinders")*('Projects Overview'!$G$2:$G$5021="Forecast")*('Projects Overview'!U$2:U$5021))} -> 0 | M98: {=SUMPRODUCT(('Projects Overview'!$B$2:$B$5021="AHC Cylinders")*('Projects Overview'!$G$2:$G$5021="Forecast")*('Projects Overview'!V$2:V$5021))} -> 0 | N98: {=SUMPRODUCT(('Projects Overview'!$B$2:$B$5021="AHC Cylinders")*('Projects Overview'!$G$2:$G$5021="Forecast")*('Projects Overview'!W$2:W$5021))} -> 0 | O98: {=SUMPRODUCT(('Projects Overview'!$B$2:$B$5021="AHC Cylinders")*('Projects Overview'!$G$2:$G$5021="Forecast")*('Projects Overview'!X$2:X$5021))} -> 0 | P98: {=SUMPRODUCT(('Projects Overview'!$B$2:$B$5021="AHC Cylinders")*('Projects Overview'!$G$2:$G$5021="Forecast")*('Projects Overview'!Y$2:Y$5021))} -> 0 | ... AM98: {=SUMPRODUCT(('Projects Overview'!$B$2:$B$5021="AHC Cylinders")*('Projects Overview'!$G$2:$G$5021="Forecast")*('Projects Overview'!AV$2:AV$5021))} -> 0
B99: Kelly Valves | C99: Firm | D99: 0 | E99: 0 | F99: 0 | G99: 0 | H99: 0 | I99: {=SUMPRODUCT(('Projects Overview'!$B$2:$B$5021="Kelly Valves")*('Projects Overview'!$G$2:$G$5021="Firm")*('Projects Overview'!R$2:R$5021))} -> 0 | J99: {=SUMPRODUCT(('Projects Overview'!$B$2:$B$5021="Kelly Valves")*('Projects Overview'!$G$2:$G$5021="Firm")*('Projects Overview'!S$2:S$5021))} -> 0 | K99: {=SUMPRODUCT(('Projects Overview'!$B$2:$B$5021="Kelly Valves")*('Projects Overview'!$G$2:$G$5021="Firm")*('Projects Overview'!T$2:T$5021))} -> 0 | L99: {=SUMPRODUCT(('Projects Overview'!$B$2:$B$5021="Kelly Valves")*('Projects Overview'!$G$2:$G$5021="Firm")*('Projects Overview'!U$2:U$5021))} -> 0 | M99: {=SUMPRODUCT(('Projects Overview'!$B$2:$B$5021="Kelly Valves")*('Projects Overview'!$G$2:$G$5021="Firm")*('Projects Overview'!V$2:V$5021))} -> 0 | N99: {=SUMPRODUCT(('Projects Overview'!$B$2:$B$5021="Kelly Valves")*('Projects Overview'!$G$2:$G$5021="Firm")*('Projects Overview'!W$2:W$5021))} -> 0 | O99: {=SUMPRODUCT(('Projects Overview'!$B$2:$B$5021="Kelly Valves")*('Projects Overview'!$G$2:$G$5021="Firm")*('Projects Overview'!X$2:X$5021))} -> 0 | P99: {=SUMPRODUCT(('Projects Overview'!$B$2:$B$5021="Kelly Valves")*('Projects Overview'!$G$2:$G$5021="Firm")*('Projects Overview'!Y$2:Y$5021))} -> 0 | ... AM99: {=SUMPRODUCT(('Projects Overview'!$B$2:$B$5021="Kelly Valves")*('Projects Overview'!$G$2:$G$5021="Firm")*('Projects Overview'!AV$2:AV$5021))} -> 0
C100: Risk Release | D100: 0 | E100: 0 | F100: 0 | G100: 0 | H100: 0 | I100: {=SUMPRODUCT(('Projects Overview'!$B$2:$B$5021="Kelly Valves")*('Projects Overview'!$G$2:$G$5021="Risk Release")*('Projects Overview'!R$2:R$5021))} -> 0 | J100: {=SUMPRODUCT(('Projects Overview'!$B$2:$B$5021="Kelly Valves")*('Projects Overview'!$G$2:$G$5021="Risk Release")*('Projects Overview'!S$2:S$5021))} -> 0 | K100: {=SUMPRODUCT(('Projects Overview'!$B$2:$B$5021="Kelly Valves")*('Projects Overview'!$G$2:$G$5021="Risk Release")*('Projects Overview'!T$2:T$5021))} -> 0 | L100: {=SUMPRODUCT(('Projects Overview'!$B$2:$B$5021="Kelly Valves")*('Projects Overview'!$G$2:$G$5021="Risk Release")*('Projects Overview'!U$2:U$5021))} -> 0 | M100: {=SUMPRODUCT(('Projects Overview'!$B$2:$B$5021="Kelly Valves")*('Projects Overview'!$G$2:$G$5021="Risk Release")*('Projects Overview'!V$2:V$5021))} -> 0 | N100: {=SUMPRODUCT(('Projects Overview'!$B$2:$B$5021="Kelly Valves")*('Projects Overview'!$G$2:$G$5021="Risk Release")*('Projects Overview'!W$2:W$5021))} -> 0 | O100: {=SUMPRODUCT(('Projects Overview'!$B$2:$B$5021="Kelly Valves")*('Projects Overview'!$G$2:$G$5021="Risk Release")*('Projects Overview'!X$2:X$5021))} -> 0 | P100: {=SUMPRODUCT(('Projects Overview'!$B$2:$B$5021="Kelly Valves")*('Projects Overview'!$G$2:$G$5021="Risk Release")*('Projects Overview'!Y$2:Y$5021))} -> 0 | ... AM100: {=SUMPRODUCT(('Projects Overview'!$B$2:$B$5021="Kelly Valves")*('Projects Overview'!$G$2:$G$5021="Risk Release")*('Projects Overview'!AV$2:AV$5021))} -> 0
C101: Forecast | D101: 0 | E101: 0 | F101: 0 | G101: 0 | H101: 0 | I101: {=SUMPRODUCT(('Projects Overview'!$B$2:$B$5021="Kelly Valves")*('Projects Overview'!$G$2:$G$5021="Forecast")*('Projects Overview'!R$2:R$5021))} -> 0 | J101: {=SUMPRODUCT(('Projects Overview'!$B$2:$B$5021="Kelly Valves")*('Projects Overview'!$G$2:$G$5021="Forecast")*('Projects Overview'!S$2:S$5021))} -> 0 | K101: {=SUMPRODUCT(('Projects Overview'!$B$2:$B$5021="Kelly Valves")*('Projects Overview'!$G$2:$G$5021="Forecast")*('Projects Overview'!T$2:T$5021))} -> 0 | L101: {=SUMPRODUCT(('Projects Overview'!$B$2:$B$5021="Kelly Valves")*('Projects Overview'!$G$2:$G$5021="Forecast")*('Projects Overview'!U$2:U$5021))} -> 0 | M101: {=SUMPRODUCT(('Projects Overview'!$B$2:$B$5021="Kelly Valves")*('Projects Overview'!$G$2:$G$5021="Forecast")*('Projects Overview'!V$2:V$5021))} -> 0 | N101: {=SUMPRODUCT(('Projects Overview'!$B$2:$B$5021="Kelly Valves")*('Projects Overview'!$G$2:$G$5021="Forecast")*('Projects Overview'!W$2:W$5021))} -> 0 | O101: {=SUMPRODUCT(('Projects Overview'!$B$2:$B$5021="Kelly Valves")*('Projects Overview'!$G$2:$G$5021="Forecast")*('Projects Overview'!X$2:X$5021))} -> 0 | P101: {=SUMPRODUCT(('Projects Overview'!$B$2:$B$5021="Kelly Valves")*('Projects Overview'!$G$2:$G$5021="Forecast")*('Projects Overview'!Y$2:Y$5021))} -> 0 | ... AM101: {=SUMPRODUCT(('Projects Overview'!$B$2:$B$5021="Kelly Valves")*('Projects Overview'!$G$2:$G$5021="Forecast")*('Projects Overview'!AV$2:AV$5021))} -> 0
B102: Shafts and Pumps | C102: Firm | D102: 0 | E102: 0 | F102: 0 | G102: 0 | H102: 0 | I102: {=SUMPRODUCT(('Projects Overview'!$B$2:$B$5021="Shaft and Pumps")*('Projects Overview'!$G$2:$G$5021="Firm")*('Projects Overview'!R$2:R$5021))} -> 0 | J102: {=SUMPRODUCT(('Projects Overview'!$B$2:$B$5021="Shaft and Pumps")*('Projects Overview'!$G$2:$G$5021="Firm")*('Projects Overview'!S$2:S$5021))} -> 0 | K102: {=SUMPRODUCT(('Projects Overview'!$B$2:$B$5021="Shaft and Pumps")*('Projects Overview'!$G$2:$G$5021="Firm")*('Projects Overview'!T$2:T$5021))} -> 0 | L102: {=SUMPRODUCT(('Projects Overview'!$B$2:$B$5021="Shaft and Pumps")*('Projects Overview'!$G$2:$G$5021="Firm")*('Projects Overview'!U$2:U$5021))} -> 0 | M102: {=SUMPRODUCT(('Projects Overview'!$B$2:$B$5021="Shaft and Pumps")*('Projects Overview'!$G$2:$G$5021="Firm")*('Projects Overview'!V$2:V$5021))} -> 0 | N102: {=SUMPRODUCT(('Projects Overview'!$B$2:$B$5021="Shaft and Pumps")*('Projects Overview'!$G$2:$G$5021="Firm")*('Projects Overview'!W$2:W$5021))} -> 0 | O102: {=SUMPRODUCT(('Projects Overview'!$B$2:$B$5021="Shaft and Pumps")*('Projects Overview'!$G$2:$G$5021="Firm")*('Projects Overview'!X$2:X$5021))} -> 0 | P102: {=SUMPRODUCT(('Projects Overview'!$B$2:$B$5021="Shaft and Pumps")*('Projects Overview'!$G$2:$G$5021="Firm")*('Projects Overview'!Y$2:Y$5021))} -> 0 | ... AM102: {=SUMPRODUCT(('Projects Overview'!$B$2:$B$5021="Shaft and Pumps")*('Projects Overview'!$G$2:$G$5021="Firm")*('Projects Overview'!AV$2:AV$5021))} -> 0
...
